url,content
https://www.dutchiee.tv/news/secretlab-titan-evo-lite-review/,The lumbar support system ensures that the spine is properly positioned in a manner that will not lead to tiredness or pains especially when one
https://gamerant.com/secretlab-titan-evo-lite-chair-review/,"Right out of the package and after a quick and painless building process, the TITAN Evo Lite looks almost exactly like the TITAN Evo, so much so that it even comes in some of the OG Evo’s most popular colors. As Secretlab explains, the chair features 95% of the TITAN Evo’s features, only at 20% less cost to gamers. And in our testing, the TITAN Evo Lite doesn’t feel like a downgrade at all. It is still an exceptional gaming chair that offers the comfort and customization that Secretlab is known [...] Secretlab TITAN Evo Lite Gaming Chair

Designed for exceptional comfort over long hours of sitting, the Secretlab TITAN Evo Lite combines the
most essential features of the TITAN Evo with serious value. It brings the pro-grade performance that Secretlab is known for at a more accessible price.

The Secretlab TITAN Evo Lite is available at Secretlab's official site for $449. Game Rant was provided a unit for this review. [...] What Are the Differences Between the TITAN Evo and Evo Lite

All the best parts of any Secretlab chair are present in the TITAN Evo Lite. The backrest can tilt from an upright position into a full recline. You can put your feet up and lock the axis on the wheelbase in place. The armrests can extend up and down, forward and backward, or swivel inward or outward. And there is lumbar support built into the backrest - although, unlike the TITAN Evo, it is not adjustable."
https://www.t3.com/reviews/secretlab-titan-evo-lite-review,"Why you can trust T3




Our expert reviewers spend hours testing and comparing products and services so you can choose the best for you. Find out more about how we test.

The Secretlab Titan Evo Lite is a brand-new chair from one of the biggest names in gaming chairs. It is designed to offer “95% of the premium experience” of the Secretlab Titan Evo for “20% cheaper”. It’s a simple concept, but does it work? [...] While there is still lumbar support on this Titan Evo Lite, there’s no dial to adjust that support. You do still have the tilting base and the 165-degree recline function if you want to lean the chair right back for a rest. I do like to have the chair to tilt when I lean back on mine, so it’s nice that it is still included on this model. [...] As with previous Secretlab chairs, the packaging for the Titan Evo Lite is beautifully done. Everything comes nicely packaged and there are both clear instructions and even a video guide to follow."
https://www.yahoo.com/lifestyle/secretlab-titan-evo-lite-review-150002868.html,"Manage your account



Don't Miss

Secretlab Titan Evo Lite review: a more affordable gaming chair

The Secretlab Titan Evo Lite is a brand-new chair from one of the biggest names in gaming chairs. It is designed to offer “95% of the premium experience” of the Secretlab Titan Evo for “20% cheaper”. It’s a simple concept, but does it work? [...] While there is still lumbar support on this Titan Evo Lite, there’s no dial to adjust that support. You do still have the tilting base and the 165-degree recline function if you want to lean the chair right back for a rest. I do like to have the chair to tilt when I lean back on mine, so it’s nice that it is still included on this model. [...] As with previous Secretlab chairs, the packaging for the Titan Evo Lite is beautifully done. Everything comes nicely packaged and there are both clear instructions and even a video guide to follow."
https://www.homeanddecor.com.sg/shopping/secretlab-titan-evo-lite-review-price,"At a glance, the Titan Evo Lite looks identical to its more expensive predecessor. But there are notable differences; key features that made the Secretlab Titan Evo stand out were removed to keep the cost low. Features removed are namely the 4-way L-ADAPT Lumbar Support System and the magnetic Full-metal 4D armrest with CloudSwap functionality (that allows you to swap armrest accessories).

Fixed Lumbar Curve [...] Secretlab Titan Evo Lite Review (Price): Good back support

2 May 2024

Share this article

Secretlab demonstrates a strong commitment to quality and user comfort in its product launches, particularly evident in their flagship product, the Secretlab Titan Evo 2022 gaming chair. Having been launched nearly three years ago, the Titan Evo continues to be my preferred choice in conventional gaming chairs. Its enduring appeal lies in its outstanding ergonomic design and the overall comfort it offers. [...] So jumping onto the Secretlab Titan Evo Lite gave me some apprehensions at first as I was worried it would not provide the same level of support, but I’ve used the Secretlab Titan Evo Lite for over a week now and I’m very pleasantly surprised that my lower back pain has not flared up even once (unlike on the Secretlab Omega). It’s still not quite the same as the excellent 4-way L-ADAPT Lumbar Support System, but I think Secretlab has done some very good work with the curve on Titan Evo Lite’s"
https://www.hardwarezone.com.sg/review-secretlab-skins-lite-titan-evo,"Overall, Secretlab's Skins Lite offers an attractive and more affordable way for Titan Evo owners to customise their chairs without compromising on style or comfort. The new material is softer, more breathable, and easier to fit, solving some of the key issues I had with the premium Skins. The new fasteners are a welcome improvement, ensuring a more secure fit, and the thinner, printed material gives Secretlab the freedom to explore more intricate and vivid designs, which really shine in [...] In my review, I touted the Skins as the best Secretlab accessory for all Titan Evo owners. It’s extremely easy to install, and the past couple of years have seen some truly wonderful designs woven out of Secretlab’s Softweave fabric (the Cyberpunk 2077 Edgerunners series remains one of the best-looking, in my opinion). [...] Secretlab’s Skins accessory range was a true game-changer when it launched in 2022 for its Titan Evo chairs. Arguably the world’s first premium slip-on chair sleeves, it not only helps owners protect their Secretlab chair but also allows them to refresh the look of their existing chair – without having to commit to just one design."
https://www.hardwarezone.com.sg/review-secretlab-titan-evo-lite-review-premium-gaming-chair-thats-friendlier-wallet,"At a glance, the Titan Evo Lite looks identical to its more expensive predecessor. But there are notable differences; key features that made the Titan Evo stand out were removed to keep the cost low. These are the 4-way L-ADAPT Lumbar Support System and the magnetic Full-metal 4D armrest with CloudSwap functionality (that allows you to swap armrest accessories). [...] So jumping onto the Titan Evo Lite gave me some apprehensions at first as I was worried it would not provide the same level of support, but I’ve used the Titan Evo Lite for over a week now and I’m very pleasantly surprised that my lower back pain has not flared up even once (unlike on the Omega). It’s still not quite the same as the excellent 4-way L-ADAPT Lumbar Support System, but I think Secretlab has done some very good work with the curve on Titan Evo Lite’s backrest. [...] Secretlab demonstrates a strong commitment to quality and user comfort in its product launches, particularly evident in their flagship product, the Titan Evo 2022 gaming chair (read our review here). Having been launched nearly three years ago, the Titan Evo continues to be my preferred choice in conventional gaming chairs. Its enduring appeal lies in its outstanding ergonomic design and the overall comfort it offers."
https://www.pcmag.com/reviews/secretlab-titan-evo-lite,"The armrests are closer to the pre-EVO Secretlab chairs than the current models, another measure to keep the Titan EVO Lite's price relatively low. They’re firm black foam armrests with 4D adjustments that let you move them up, down, left, right, forward, or backward, and rotate them between three yaw positions. They lack the Titan EVO's magnetic CloudSwap mounts, so you can’t swap them for other colors or materials. Still, they don’t feel cheap or like a significant compromise. [...] Read about our
                            mission
                            and
                            testing methodology.

The Bottom Line

The Titan EVO Lite combines comfort, support, and plenty of room for a more affordable price than Secretlab's other gaming chairs.

Pros & Cons [...] Speaking of faux leather, the Titan EVO Lite uses Secretlab’s Prime 2.0 PU leather. Again, that’s the same as pre-EVO Titan chairs, and we know from our review of the Titan XL that it feels thick, supple, and sturdy. The Titan EVO uses the company’s NEO hybrid leatherette, which Secretlab says is 12 times more durable. Both materials are higher quality than the faux leather on most other gaming chairs we’ve tested, and it would be hard to tell much of a difference between them without having"
https://geekculture.co/geek-review-secretlab-titan-evo-lite-gaming-chair/,"If you’re in the market for a premium chair but don’t want to overspend, the Secretlab Titan Evo Lite is a great choice for gamers who prioritize comfort and functionality, without much of the extra fuss.

GEEK REVIEW SCORE

Summary

The Secretlab Titan Evo Lite packs the same comfort and presence, but at a more affordable price for those looking to pick up an ergonomic recliner.

Overall [...] The Titan Evo Lite comes in two sizes, R and XL. It caters to the same audience, capable of providing comfort to anyone weighing less than 100kg for the R size (up to 180kg for the XL size), and not more than 1.89m in height (2.05m for the XL size). Pull a lever and it leans back at 165°, providing the same recline, as well as an adjustable base that can rock back and forth, or be locked in a stationary position. [...] Secretlab has set a high bar when it comes to their gaming chairs, ensuring that gamers can spend long hours in front of a computer in comfort, though at a high price point. If you’re not ready to commit to an advanced gaming chair yet want to try out some of its features before making the leap, the Secretlab Titan Evo Lite is the perfect introduction."
https://www.gamespot.com/articles/secretlabs-new-gaming-chair-is-more-budget-friendly-still-high-quality/1100-6520551/,"Overall, Secretlab's Titan Evo Lite is a fantastic gaming chair at its price point. Though the original Titan Evo has a bit more versatility, the Lite offers many of the most impactful features while maintaining a premium build. I'd recommend reading GameSpot's full Secretlab Titan Evo review before buying either of them, as it goes in-depth on what makes the Titan Evo (and now Evo Lite) a great choice if you're willing to drop this kind of cash on a chair. If you're at your desk for much of [...] That said, the Lite doesn't have as much tech inside the backrest. The Titan Evo was the first Secretlab chair to implement the 4-way L-Adapt Lumbar Support System. In simple terms, the lumbar support subtly repositions itself to fit the user's seated position. You can also turn the pair of tension dials to manually adjust the internal lumbar support. The support can shift both vertically and horizontally. If you tend to move a lot while sitting, this clever feature is certainly welcome. The [...] Secretlab says the Lite has 95% of the features found on the Titan Evo. While I'm not sure how that percentage was calculated, it is true that the sitting experience is quite similar. I asked my wife, who had never sat in either the Titan Evo or the Titan Evo Lite, to try each chair and tell me which one she thought was the budget model. She told me they felt the same."
https://uk.pcmag.com/game-controllers-accessories/151143/secretlab-titan-evo-lite,"The armrests are closer to the pre-EVO Secretlab chairs than the current models, another measure to keep the Titan EVO Lite's price relatively low. They’re firm black foam armrests with 4D adjustments that let you move them up, down, left, right, forward, or backward, and rotate them between three yaw positions. They lack the Titan EVO's magnetic CloudSwap mounts, so you can’t swap them for other colors or materials. Still, they don’t feel cheap or like a significant compromise. [...] The SoftWeave fabric version of the Evo Lite we tested uses the original SoftWeave found on previous Secretlab chairs (like the non-EVO Titan), which is pleasantly soft, breathable, and somewhat resistant to stains. The Titan EVO, meanwhile, uses SoftWeave Plus material that the company says is 3.5 times stronger and more breathable. Even if it’s older, the standard SoftWeave on the Titan EVO Lite still feels nice to the touch, and has held up well to claw tests from my cat Pixel (a test I’ve [...] Speaking of faux leather, the Titan EVO Lite uses Secretlab’s Prime 2.0 PU leather. Again, that’s the same as pre-EVO Titan chairs, and we know from our review of the Titan XL that it feels thick, supple, and sturdy. The Titan EVO uses the company’s NEO hybrid leatherette, which Secretlab says is 12 times more durable. Both materials are higher quality than the faux leather on most other gaming chairs we’ve tested, and it would be hard to tell much of a difference between them without having"
https://secretlab.co/pages/titan-evo-lite,"Secretlab TITAN Evo Lite

Award-winning comfort.

With a new, lighter price

The Secretlab TITAN Evo Lite is built from the same performance DNA as our flagship TITAN Evo. Engineered to provide the core Secretlab experience trusted by over 3 million users worldwide, the TITAN Evo Lite retains the same science-backed ergonomic design for support in all the right places.

Patent-pending cold-cure foam

The perfect blend of comfort and support

Advanced ergonomic profile [...] When you sit still, pressure builds up in a single area. Movement relieves stress on your body. As you change postures, stress is distributed more evenly, preventing pain and discomfort.

Secretlab TITAN Evo

Support for every posture

TITAN Evo supports your body’s natural tendency to move. With versatile adjustments that can be tailored to you, it adapts to you as you move about your day. From Netflix to video calls and gaming, TITAN Evo has your back throughout it all. [...] “We retained all the important, world-class bits — most importantly, the ergonomics and user experience — and removed some of the truly “good-to-have” luxury features.This allows us to price the Secretlab TITAN Evo Lite about 20% cheaper than its sister, while delivering 95% of the same premium experience.*”

Ian Alexander AngCo-founder & CEO, Secretlab"
https://www.homeanddecor.com.sg/interior-design/condominium,The Titan Evo Lite is essentially a Titan Evo gaming chair without two key features. Shopping · Secretlab Titan Evo Lite Review (Price): Good back support.
https://www.ign.com/articles/best-gaming-chair-deals-2024-secretlab-titan-evo-lite-2,"For 2024, Secretlab has recently released a new budget version of its most popular gaming chair. The new Secretlab Titan Evo Lite carries over most of the features and nearly all of the ergonomics of the Titan Evo at a lower price point. In fact, at its current price, it's less expensive than the older Titan 2020. Check out our Secretlab Titan Evo Lite review for more details.

Secretlab Titan Evo Lite Gaming Chair Starting at $449



Secretlab Titan Evo Lite Gaming Chair [...] does come with a memory foam pillow and adjustable lumbar, although not as adjustable as the Titan Evo. I think that the Evo Lite is a better chair to get, especially given the lower price point and the fact that the only options available are rather garish in design, but if you do want the Titan 2020, you should jump on one soon before they are discontinued. [...] There's another Titan chair the Secretlab still carries and that is the older Titan 2020. It looks like Secretlab might be phasing that one out because currently most of the models are out of stock. In fact, only the Prime 2.0 Leatherette models are in stock right now. The Titan 2020 currently starts at $474, which is more expensive than the Evo Lite. Although it's based on a slightly older design, some people actually prefer the Titan 2020 because of the softer seat cushioning. The Titan 2020"
https://www.msn.com/en-ca/lifestyle/shopping/secretlab-titan-evo-nanogen-edition-review-looks-as-good-as-it-feels/ar-AA1thTx2,"While I loved the more affordable Secretlab Titan Evo Lite chair earlier this year, I did find it a little hard. The NanoGen has a solution for that to make"
https://www.techradar.com/gaming/gaming-accessories/the-new-titan-evo-lite-is-a-budget-gaming-chair-that-packs-a-ton-of-premium-features,"The Secretlab Titan Evo Lite similarly lacks any kind of magnetic CloudSwap feature in its 4D armrests, which allows Secretlab Titan Evo owners to swap out their armrest tops to further customize their chair. It is also worth noting that the Secretlab Titan Evo Lite does not come with a magnetic memory foam head pillow in the box, though there is support for the accessory if you choose to pick one up separately. [...] A more affordable version of the hugely popular Secretlab Titan Evo, which we consider one of the best gaming chairs on the market, the Secretlab Titan Evo Lite looks like a seriously tempting prospect for those looking for a way to save some money while still getting their hands on a chair with lots of premium features. [...] The new Titan Evo Lite is a budget gaming chair that packs a ton of premium features

Flagship features for less

When you purchase through links on our site, we may earn an affiliate commission. Here’s how it works.

The gaming furniture manufacturer Secretlab has revealed a brand-new gaming chair: the Secretlab Titan Evo Lite."
https://secretlab.co/products/titan-evo-2022-series/?rfsn=4794308.11c421&utm_source=refersion&utm_medium=affiliate&utm_campaign=4794308.11c421&sku=M07-E24PU-CLASS1R&subid=243512957,"Meet the Secretlab TITAN Evo gaming chair. Personalized ergonomics and world-leading comfort, all in one gaming chair."
https://hardcoregamer.com/secretlab-titan-evo-lite-announced-at-lighter-price/,The Secretlab TITAN Evo Lite is a chair that's being designed in-house with tests and validations from experts that will promise top ergonomics.
https://techbullion.com/secretlab-titan-evo-secretlab-titan-evo-lite-reviews/,"The TITAN Evo lite retains much of the aesthetic appeal of its higher-end counterpart. While it features a slightly simplified design, it"
https://www.imore.com/gaming/gaming-chairs/the-worlds-best-gaming-chair-now-comes-in-lite-secretlab-debuts-new-titan-evo-with-friendlier-price-tag,"The TITAN Evo Lite boasts broadly the same design as the regular TITAN Evo, and at first glance, they look pretty much identical. It's available"
https://www.dutchiee.tv/news/secretlab-unveils-titan-evo-new-standard-in-gaming-chair/,"Secretlab has unveiled the Titan Evo Lite, an intriguing addition to their collection for gamers looking for the ideal balance of comfort, design, and cost."
https://zsrk.cz/?x=1009183171111,"... secret lab evo 2022 and I hate Please highest, Secretlab Titan Evo Lite review a more affordable gaming chair T3 highest, secretlab evo 2022 highest. Care Guide"
https://www.pcgamer.com/secretlabs-launching-a-slightly-cheaper-version-of-the-excellent-titan-evo-starting-at-dollar449/,"If you're in the market for a new gaming chair then you may have timed it well. Secretlab, the maker of our favourite gaming chair, the Secretlab Titan Evo, is launching a cheaper model that shares many characteristics with the best gaming chair—it's called the Titan Evo Lite. [...] For starters, the Evo Lite only comes in medium and large sizes. Smaller chairs are only available with the more premium model. The upholstery is also a little different when you get down to it. The Lite comes with Prime 2.0 Leatherette and SoftWeave Fabric options, whereas the Titan comes with updated versions of both. From our experience with older Secretlab chairs pre-Titan Evo, I still have high hopes for the longevity of the cheaper materials, though time will tell. [...] Starting at $449 in the US, in its cheapest form, the Titan Lite launches for the same price the Titan Evo launched at back in 2021. It's still the price I reference in my Titan Evo review from way back then. Rising costs and inflation have led to the Titan Evo coming in at $549 nowadays, $100 more than the Lite.



Secretlab Titan Lite prices worldwide:

The biggest gaming news, reviews and hardware deals"
https://huntingtondermatologygroup.com/?r=830222300275,The Secretlab Presidents Day Sale Starts Now The Lowest Prices. Gaming Chairs Secretlab TITAN fashionable Evo Secretlab. Secretlab Titan EVO Lite Review PCMag.
https://secretlab.co/pages/for-work,"Shop All
Secretlab Gaming Chairs Secretlab Desks Accessories
View All Sale Information
Chairs
Signature Chairs
 Secretlab TITAN Evo Best Seller Award-winning ergonomics & comfort Secretlab TITAN Evo NanoGen™ Edition New Next-generation materials Secretlab TITAN Evo Lite All the core features, for less
Chair Add-Ons
 Ergonomic Recliner Add-OnNew Secretlab SKINSNew Chair Accessories
Other Chairs
Secretlab TITAN XXSNeueChair™
Explore Chairs
All Chairs All Chair Add-OnsCompare Chairs [...] Chairs
Chairs
 Secretlab TITAN Evo Award-winning ergonomics & comfort Best Seller
 Secretlab TITAN Evo NanoGen™ Edition Next-generation materials New
All Chairs All Chair Add-Ons Compare Chairs
Other Chairs
 Secretlab TITAN Evo Lite Secretlab TITAN XXS NeueChair™
Desks
Desks
 New Secretlab MAGNUS Pro Sit-to-Stand Metal Desk with Magnetic Ecosystem
 Secretlab MAGNUS Metal Desk with Magnetic Ecosystem
All Desks All Desk Add-Ons Compare Desks
Accessories
Accessories [...] “When I’m working or playing games, comfort is by far the most important feature. I’m very discerning when it comes to the gear I choose to support me creatively. For a guy who spends 12 hours a day sitting down, comfort and ergonomics are very important to me. The TITAN Evo keeps me focused and supported, from long hours at the studio to marathon gaming sessions.”
When it comes to your wellbeing, only settle for the very best"
https://tighttech.com.au/product/secretlab-titan-evo-lite-gaming-chair/?srsltid=AfmBOooOIdLFhBnirvyB9v2c11xiyou8q9aXPXycZtbsNWs6INM5oqmt,"The Secretlab TITAN Evo Lite features all the essential functions of our flagship TITAN Evo. It delivers the core Secretlab experience, at a more accessible"
https://www.gamesradar.com/secretlab-titan-evo-review-2022/,"As we'd expect from Secretlab, the build quality is excellent as usual. Everything from the clean stainless steel armrests and switches, smoothly flowing casters, and impeccable stitching is all present as usual. Having used one of the special edition Omega chairs for nearly a year now, I'm happy to report that even on the complex embroidered design on the back, there's not a stitch out of place despite me brushing past it regularly in a tight room (I'm so done with home working, folks) and [...] The Softweave Titan Evo does actually have some new light pastel pink, blue and green options as well which are new to the brand. We're super cautious with fabric chairs (read: we're clumsy with spilling drinks) so the Black 3 model we have is the best if you share similar fears over potential stains. The cookies and cream design is absolutely gorgeous though, or if you're brave and crave that super clean aesthetic, the new Arctic White one is a thing of beauty and one we'd be all over if we [...] At 5ft8 I favored the previous Omega line over the old Titans, but wasn't really a fan of the low but hard edges of the chairs as I felt too hemmed in and couldn't sprawl in the chair as much as I would have liked - plus, it's a pain vacuuming out dust and debris from the crevices. So I'm loving the newly-designed edges that are slightly raised to support the outside of your thighs, but are now soft enough to let you sit however you like."
https://origano-leith.co.uk/?k=993521200929,"Secretlab Titan Napa hotsell Review. Secretlab Titan ... Design Showcase by Secretlab hotsell, Fauteuil ... Evo Lite Gaming Chair Review hotsell, Gaming"
https://www.gamesradar.com/hardware/chairs/secretlab-titan-evo-nanogen-edition-review/,"Design



So what exactly separates the Secretlab Titan Evo from its new NanoGen counterpart? Well, a bit like the Titan Evo Lite - it’s a half step toward a different chair, but it really is the same product we’ve known since 2022. It's a variant that isn't strictly part of the Titan Evo's color and upholstery range, but it does give you the same chair, albeit with an updated level of comfort and a higher price. [...] One thing I do wish could be improved in Secretlab’s shipping and assembly process, however, is the sheer amount of packaging, foam, and cardboard used. It’s great that so much care is put into protecting a Secretlab chair en route to you, but there is an awful lot of waste left behind. This is the case for many gaming chairs, but if there’s one thing I’d like to see Secretlab lead the charge on next, it would be ensuring that even less packaging is used. If not that, then at least making sure [...] NanoGen offerings are limited to these two colorways. I’d love to say this could change in the future, but the Titan Evo Lite launched earlier in 2024 and is still limited to the classic colorways originally available in 2022."
https://secretlab.co/pages/reviews,"Reviews & Awards

Over 10,000 5-star ratings and multiple editors' choice awards can't be wrong — find out what makes Secretlab chairs great with reviews from the press and real users.

TechRadar

TweakTown

Gameranx

Geek Culture

Awards

Reviews

Secretlab TITAN Evo

Gaming Chairs

Secretlab MAGNUS Pro

Sit-to-Stand Metal Desk with Magnetic Ecosystem

Secretlab MAGNUS Metal Desk

with Magnetic Ecosystem

Secretlab Classics Gaming Chair

OMEGA 2020

TITAN 2020

TITAN XL 2020

Featured

Featured [...] Over 3,000,000 Happy Users and Counting

Customer Reviews





Join our mailing list for the latest offers and product releases!

Copyright © 2015 – 2025 Secretlab. All rights reserved. Secretlab™ is a registered trademark of Secretlab SG Pte Ltd"
https://secretlab.co/collections,"##### All the core features, for less ### Secretlab TITAN Evo Lite
 ##### Science-Backed Ergonomic Design ### Secretlab Classics
Sizing guide
Compare chair models
Compare upholsteries
Chair Add-ons. Personalize your sitting experience.
View All
New  #### Secretlab Ergonomic Recliner Add-On
Best Seller  #### Secretlab Skins
 #### Secretlab Cloudswap Armrest Tops
 #### Secretlab Signature Pillows
New  #### Secretlab Footrests
 #### Secretlab Special Edition Pillows
 #### Secretlab Casters [...] Chairs
Chairs
 Secretlab TITAN Evo Award-winning ergonomics & comfort Best Seller
 Secretlab TITAN Evo NanoGen™ Edition Next-generation materials New
All Chairs All Chair Add-Ons Compare Chairs
Other Chairs
 Secretlab TITAN Evo Lite Secretlab TITAN XXS
Desks
Desks
 New Secretlab MAGNUS Pro Sit-to-Stand Metal Desk with Magnetic Ecosystem
 Secretlab MAGNUS Metal Desk with Magnetic Ecosystem
All Desks All Desk Add-Ons Compare Desks
Accessories
Accessories [...] Shop All
Secretlab Gaming Chairs Secretlab Desks Accessories
View All Sale Information
Chairs
Signature Chairs
 Secretlab TITAN Evo Best Seller Award-winning ergonomics & comfort Secretlab TITAN Evo NanoGen™ Edition New Next-generation materials Secretlab TITAN Evo Lite All the core features, for less
Chair Add-Ons
 Ergonomic Recliner Add-OnNew Secretlab SKINSNew Chair Accessories
Other Chairs
Secretlab TITAN XXS
Explore Chairs
All Chairs All Chair Add-OnsCompare Chairs
More from Chairs"
https://secretlab.co/pages/ergonomics,"“For better ergonomic health, your body should be moving frequently, even when seated. Variability of posture is more important than maintaining 'perfect posture'.
The Secretlab TITAN Evo’s wide seat base allows you to sit in different positions and move freely throughout your day. It’s an ergonomic chair that’s designed to respond to your body’s natural movements and promote an active sitting experience.” [...] Conclusion
The Secretlab TITAN Evo chair tested yielded a clear ergonomic benefit in terms of gameplay performance and subjective gaming experience compared to the Herman Miller Aeron chair. [...] Conclusion
The Secretlab TITAN Evo chair tested yielded a clear ergonomic benefit in terms of gameplay performance and subjective gaming experience compared to the Herman Miller Aeron chair."
https://www.imore.com/gaming/gaming-chairs,Secretlab TITAN Evo 2022 review: The pinnacle of gaming comfort ... Secretlab's TITAN Evo is its 2022 offering. It's an awesome upgrade on its 2020 model and the
https://www.amazon.com/Secretlab-Titan-BLACK3-SoftWeave-Gaming/dp/B0CR6FDFDX,"Razer Enki Gaming Chair: All-Day Comfort - Built-in Lumbar Arch - Optimized Cushion Density - Dual-Textured, Eco-Friendly Synthetic Leather - Reactive Seat Tilt & 152-Degree Recline - Black."
https://www.wowhead.com/news/secretlab-skins-lite-now-for-sale-hands-on-with-the-lich-king-and-illidan-349641,"So you pay an extra €75 to get an Alliance or Horde skin on your chair over the standard edition to then put on an extra €119 cover? Every time I'm amazed at the sort of stuff people pay for.Not necessarily at the same time. It's been over four years since the original Alliance/Horde models came out, and over three since the updated Evo version.Tastes can change or things can get damaged over time, but it's a lot easier and cheaper to put on a new cover than to get a whole new chair. [...] Comment by ElysianValkyrie

Aw a transmog for your chair!

Comment by Gadd

No cat, no buy.

Comment by Nerdelbaum

Damn, I promised myself never to buy from SecretLab again (these *!@#$s forgot my surname in the delivery address for my Titan Evo, had to set heaven and hell in motion to get it, support didn't help for ^&*! but was quick to instantly close the ticket when it finally got here, probably the worst support experience of my life), but I need this Lich King skin. [...] Miller) has made a monumental difference to comfort. They look pretty and can work for some people, but anyone that spends more than 5 hours at their desk should probably invest in something more ergonomic"
https://www.yahoo.com/tech/secretlabs-launching-slightly-cheaper-version-150037294.html,"For starters, the Evo Lite only comes in medium and large sizes. Smaller chairs are only available with the more premium model. The upholstery is also a little different when you get down to it. The Lite comes with Prime 2.0 Leatherette and SoftWeave Fabric options, whereas the Titan comes with updated versions of both. From our experience with older Secretlab chairs pre-Titan Evo, I still have high hopes for the longevity of the cheaper materials, though time will tell. [...] Manage your account



Today in Tech

Secretlab's launching a slightly cheaper version of the excellent Titan Evo, starting at $449

If you're in the market for a new gaming chair then you may have timed it well. Secretlab, the maker of our favourite gaming chair, the Secretlab Titan Evo, is launching a cheaper model that shares many characteristics with the best gaming chair—it's called the Titan Evo Lite. [...] Most of the magnetic features I've come to enjoy with the Titan Evo aren't present on the Titan Lite, such as the magnetic swappable armrests or magnetic head pillow. However, you can still use a magnetic head pillow on the Titan Lite if you buy one separately, and I'd definitely want to do that if I picked up the Lite. Though therein lies a bit of an issue with the Lite, it's not quite cheap enough to be considered budget, and definitely not if you're adding a $49 magnetic headrest into the"
https://gamefeed.io/articles/727234,TL;DR - The 7 Best Secretlab Deals · Secretlab Titan Evo · Secretlab Titan 2020 · Secretlab Titan Evo Lite · Secretlab Titan Evo Nanogen Edition.
https://secretlab.co/pages/skins,Switch up the look of your TITAN Evo with the world's first premium chair sleeves. Choose from more designs than ever and discover a whole new world of chair
https://www.tiktok.com/@secretlab/video/7325314696779762951,20% cheaper than our flagship TITAN Evo.* All while delivering 95% of the same premium experience. With the most essential ergonomic functions
https://bestofeverythingpc.com/secretlab-titan-evo-a-comfortable-review/,"The Secretlab Titan Evo has adjustable lumber support and ergonomic features for the perfect gaming form. You can choose from Small, Regular or XL."
https://www.reddit.com/r/secretlab/comments/1b8q2zx/secret_lab_titan_evo_review/,"The Titan Evo Secret Lab chair is not uncomfortable. it is certainly not the worst chair you can sit on. yet, it is also nowhere near as comfortable or well-"
https://en.overclocking.com/titan-evo-lite-a-secretlab-armchair-cheaper/,"SecretLab brings us new high-end office chairs. The company announced its Titan Evo Lite range, more affordable than the original Evo series."
https://secretlab.co/,"Secretlab Chairs
Secretlab TITAN Evo
Our flagship ergonomic chair
Our most advanced ergonomic features. Crafted to support your longest days, across multiple activities and postures.
Learn More Shop Now
 
New
TITAN Evo NanoGen™ Edition out now.
Learn More
 
 
New
TITAN Evo NanoGen™ Edition out now.
Learn More

Secretlab TITAN Evo Lite
All the core features, for less
The most essential functions of our flagship TITAN Evo. At a more accessible price.
Learn More Shop Now [...] Why movement matters
When you sit still, pressure builds up in a single area. Movement relieves stress on your body. As you change postures, stress is distributed more evenly, preventing pain and discomfort.
Secretlab TITAN Evo
Support for every posture
TITAN Evo supports your body’s natural tendency to move. With versatile adjustments that can be tailored to you, it adapts to you as you move about your day. From Netflix to video calls and gaming, TITAN Evo has your back throughout it all. [...] Shop All
Secretlab Gaming Chairs Secretlab Desks Accessories
View All Sale Information
Chairs
Signature Chairs
 Secretlab TITAN Evo Best Seller Award-winning ergonomics & comfort Secretlab TITAN Evo NanoGen™ Edition New Next-generation materials Secretlab TITAN Evo Lite All the core features, for less
Chair Add-Ons
 Ergonomic Recliner Add-OnNew Secretlab SKINSNew Chair Accessories
Other Chairs
Secretlab ClassicsSecretlab TITAN XXSNeueChair™
Explore Chairs"
https://secretlab.co/products/technogel-premium-armrest-top,"Join our mailing list for the latest offers and product releases!

Copyright © 2015 – 2025 Secretlab. All rights reserved. Secretlab™ is a registered trademark of Secretlab SG Pte Ltd [...] These are great. Haven't used the original ones but Dont intend to now I have these.

We offer an incentive program to encourage customers to post their reviews. Reviews reflect the actual views of customers Reviews that contain illegal or abusive content, or content that violates our terms of use are not displayed.

Product Warning
                        For California Residences: Learn about Proposition 65.

Proposition 65 Warning for California Consumers [...] **The Promotional Initial Payment (plus any applicable taxes and fees) is due at lease signing. Your lease-purchase payment amount will be determined after you select your product(s). You will not acquire ownership of the product(s) if the total amount necessary to acquire ownership is not paid. The Promotional Initial Payment does not reduce the cost of the lease-purchase agreement. The Promotional Initial Payment is only available when shopping at Secretlab through the Katapult mobile app and"
https://travelofiesta.com/?y=603900030148,"Secretlab titan discount features. Secretlab MAGNUS Metal Desk top delicate ... Lite Announced At Lighter Price sales, Secret Lab Titan 2020 Soft Weave"
https://gamerant.com/best-secretlab-gaming-chair/,"Even though the Lite is a downscaled version of the TITAN Evo, it's a long-awaited, more affordable option among Secretlab gaming chairs. The Titan Evo Lite"
https://www.tiktok.com/discover/secret-lab-titan-evo-review-review,The Secret Love Titan EVO is simply incredible. Posting features that take. gaming comfort to the next level. From its magnetic memory. foam head pillow
https://secretlab.eu/pages/titan-evo-2022-series?q=%3Fstop_redirect%3Dtrue&srsltid=AfmBOoq9S2W7xDe8Am5U5oj0of1djGXoFT3iGeOGunOqo8P8Qi91NGZu,"""The Technogel armrests are simply amazing - they're actually cool! Paired with the extremely adjustable Secretlab TITAN Evo chairs, the gel armrests mold to"
https://origano-leith.co.uk/?k=673339930929,"... Secretlab Titan Evo LITE The Best Selling Gaming Chair of 2024 wholesalers, Secretlab Omega review The first and last chair you ll ever need wholesalers,"
https://www.gamespot.com/articles/save-on-secretlabs-best-gaming-chair-and-pair-it-with-a-new-star-wars-inspired-skin/1100-6523125/,Secretlab released the more budget-friendly Titan Evo Lite earlier this year. If you want to dive deeper into the differences between the two
https://secretlab.co/pages/faq,Popular Questions. Are there any size differences between the Secretlab TITAN Evo and TITAN Evo Lite? Which size should I choose?
https://vapingunderground.com/threads/new-release-the-less-expensive-secretlab-titan-evo-lite-is-nearly-as-good-as-the-titan-evo.2681418/,Titan Evo Lite: What's different from Titan Evo · Prime 2.0 Leatherette or SoftWeave Fabric upholstery options · Only available in Regular and
https://mediaberry.co.uk/secretlab-titan-evo-2024-review/,The Secretlab Titan Evo is a favourite choice of gamers for a reason. This is an effortlessly excellent gaming chair that offers quality across the board.
https://www.entertoyment.net/?j=1536021923837,"Secretlab OMEGA 2020 Gaming Chair Secretlab US reputable, Secretlab Titan Evo 2022 Review ... Lite Gaming Chair reputable, Secretlab Omega 2018 Secretlab"
https://www.ign.com/articles/secretlab-titan-evo-nanogen-edition-review,"If you haven’t heard about it (and how have you not at this point if you’ve ever been in the market for a gaming chair), the Secretlab’s Titan Evo line is the classic racing style gaming chair, evolved. The Nanogen Edition is the latest version and pushes comfort to the next level. It has the same general stylings as the 2022 Evo, which was built upon the original Titan in 2020. It features the same aesthetic bolsters (wings) on either side of the seat and backrest, but the sitting area is [...] After two years of daily use, the Secretlab Titan Evo has proven that it can stand the test of time and still be one of the best gaming chairs you can buy. Meaningful ergonomics paired with Secretlab’s wide selection of designs, it remains a fantastic option, especially for fans of bright colors or designs based on popular games. – Chris Coke

Score: 9

Read the full Secretlab Titan Evo review [...] Site Themes

Change Region

More

News

Reviews

Discover

Videos

Account

20Q #XX: undefined

Secretlab Titan Evo Nanogen Edition Review

The Evo evolved.

The original Secretlab Titan Evo has been our longstanding overall pick for the best gaming chair, but now that the Secretlab Titan Evo Nanogen Edition has officially arrived, that’s about to change. With a brand-new, softer, and more durable leatherette fabric, and a new NanoFoam Composite cushion, the best has gotten even better."
https://www.instagram.com/reel/DIYtA9fB05q/,We checked out @secretlab's latest automotive-themed collaboration: The TITAN Evo McLaren Edition. ... Instagram Lite · Threads · Ray-Ban Meta.
https://secretlab.co/pages/compare,Gives your TITAN Evo a brand new look in 3 minutes. Next-generation foam composite that is both soft and supportive.
https://www.ubuy.com.gh/product/IJIDGW7QG-secretlab-titan-evo-lite-in-black-prime-2-0-leatherette-gaming-chair-reclining-ergonomic-heavy-duty-computer-chair-with-4d-armrests?srsltid=AfmBOoqZxwsXtpX8ME8dHBnvZRUqAn_MyMADT_QiT_RNL-YPF0XZ2viV,"Secretlab Titan Evo Lite in Black Prime 2.0 Leatherette Gaming Chair - Reclining - Ergonomic & Heavy Duty Computer Chair with 4D Armrests & Lumbar Support - Black

KWD 21

Add an additional item worth KWD
                                                        60 to get Free Fast Shipping at
                                                    standard
                                                    shipping price. [...] Other

Download our App

TRUST ENSURED WITH

Ubuy Popular Stores

Copyright © 2025 Ubuy Co.                                All rights reserved. [...] CONGRATULATIONS! You
                                                    are eligible for Free Fast Shipping.

KWD 21



or Split it into 3 payments of KWD
                                                    7.00/month
                                                interest-free Learn more

Bought With Products

Customers who viewed this item also viewed

Stay Connected

QUICK LINKS

UBUY

PAYMENT

SHIPPING

Express ShippingFast Delivery

Standard Shipping10+ Business Days

CITIES COVERED"
https://secretlab.co/products/magnus-metal-desk,It features thirteen horizontal. US. Loading... Search Suggestions. Secretlab TITAN Evo · Secretlab TITAN Evo Lite · Secretlab SKINS · Secretlab MAGNUS Pro
https://secretlab.co/collections/titan-series,"Complete Your Setup

Secretlab MAGNUS Pro

Secretlab TITAN™ 2020 Gaming Chair
                        
Customer Reviews

Customer Reviews

Thank you for submitting a review!

Your input is very much appreciated. Share it with your friends so they can enjoy it too!

Best Chair Ever!

Battled myself for months trying to justify this purchase. Finally pulled the trigger and I'm so glad I did! This chair is soooo fire!

My back says thank you ! [...] The seat is firm but the back is perfectly supported. No worries about doing long flight simulator sessions. The chair looks very solid, not a creak, not a crack. A high quality product with easy assembly...

Amazing!

Bought as a gift for my partner and he absolutely loved it! It’s so comfy and you can tell time, effort and care went into designing and making it. The delivery was so quick and the packaging is so great. Definitely worth the money and seems like it will withstand alot of use :) [...] Secretlab TITAN 2020

Secretlab TITAN 2020

Secretlab TITAN™ 2020 Series

Go big on world-class comfort. The Secretlab TITAN 2020 gaming chair is renowned for ample space and ergonomic customization at the highest level, with greater comfort and support.

More Space Than Ever. Customized Ergonomics.

Specially formulated patent-pending cold-cure foam, crafted for the perfect blend of even weight distribution and optimal pressure relief."
https://secretlab.co/pages/technology,The Secretlab TITAN Evo is certified by United States Ergonomics to provide measurable ergonomic benefits to the user by improving comfort and fit and
https://www.pcgamer.com/hardware/shhh-dont-tell-everyone-but-the-secretlab-titan-evo-lite-is-the-gaming-chair-i-would-actually-buy-this-weekend/,"Secretlab Titan Evo Lite | Leatherette or softweave fabric | £459 £429 at Secretlab UK (save £30)Our favorite gaming chair does not come cheap, with the prices having risen consistently since the Titan Evo originally launched. To combat that Secretlab has released the Titan Evo Lite, a chair coming in at the same original price as the Titan Evo. It's got the same essential design but lacks some of the luxury touches, such as adjustable lumbar support and the special magnetic neck pillow and [...] Secretlab Titan Evo Lite | Leatherette or softweave fabric | $459 $419 at Secretlab (save $40)Our favorite gaming chair does not come cheap, with the prices having risen consistently since the Titan Evo originally launched. To combat that Secretlab has released the Titan Evo Lite, a chair coming in at the same original price as the Titan Evo. It's got the same essential design but lacks some of the luxury touches, such as adjustable lumbar support and the special magnetic neck pillow and [...] In terms of finishings, you can select either Stealth or Black for the leathertte version (the difference being whether the logo is in gold or blacked out). The softweave fabric version costs an extra $20 and comes in Black, Charcoal Blue, or Cookies & Cream. I'd have concerns about stainage on the latter option, to be honest."
https://secretlab.co/products/spare-parts,"Replacement Secretlab Armrest Tops compatible with Secretlab TITAN Evo, TITAN Evo Lite, and Classic chairs."
https://www.windowscentral.com/accessories/gaming-chairs/secretlab-skins-lite-announcement,"Secretlab has released SKINS Lite, a more affordable way to customize your TITAN Evo, now with new versions for Arcane, World of Warcarft,"
https://hothardware.com/news/secretlab-unveils-cheaper-titan-evo-lite-gaming-chair,"Well, the Lite model uses the same ""patent-ending cold-cure foam,"" which is designed to balance comfort and support. It also features the same"
https://www.windowscentral.com/accessories/gaming-chairs/secretlab-titan-evo-nanogen-edition-review,"While the Secretlab TITAN Evo NanoGen Edition does take everything great about the regular TITAN Evo, it also inherits any weaknesses. There aren't a lot to speak of, honestly, but one nitpick is that the tilt and tilt tension adjustability feels finnicky, unreliable, and restrictive. You get a knob on the right side that allows you to unlock and lock the tilt of your chair at different angles, but it's an exercise in frustration finding the sweet point. [...] The Secretlab TITAN Evo (2022) is one of the most popular gaming and office chairs of all time for many good reasons, and the NanoGen Edition enhances that iconic design with Secretlab's most comfortable and durable materials yet. It's an excellent chair in every category, but this level of refinement comes at a hefty cost.

Pros

Most comfortable chair Secretlab has ever made

Premium fit and finish that feels built to last

Upgraded PlushCell Armrests are awesome

Cons [...] Aside from that, though, the NanoGen Edition's only real weakness is its price. The TITAN Evo already isn't an affordable chair, although it's honestly not that abnormal in the market, but the NanoGen Edition spikes that price up to a shocking degree despite only implementing a handful of upgrades. Is this chair more premium and more comfortable than its non-NanoGen Edition compatriot? Undoubtedly, but whether that's worth an additional $200-250 is a tougher question to answer."
https://chairsfx.com/gaming-chair-reviews/secretlab-titan/,"While the Titan Evo chair is designed to support a neutral posture, freestyle sitting can lead to back pain over time. Frequent movement can"
https://huntingtondermatologygroup.com/?r=612632900575,About this item · Similar Items · Customer Reviews · You may also like.
https://blog.bijouxgravures.com/news/secret-labs-titan-vs-omega-6376/,"In contrast, the Titan Evo offers a larger seat and additional lumbar support, making it a more comfortable option for users who prioritize ergonomics and"
https://www.tiktok.com/@secretlab/video/7185570132041796866,Find out why Echo Esports recommends it for competitive advantage! #EchoRWF #RWF #Warcraft. This information is AI generated and may return
https://chairsfx.com/gaming-chair-reviews/titan-cookies-cream/,Functionality: everything continues to work perfectly. Upholstery: comfortable and breathable; needs regular cleaning attention. Padding: still
https://linustechtips.com/topic/1388198-secretlab-titan-evo-2022-review/,"The lumbar support in this chair is basically pointless. If it's fully retracted, you're basically sitting against a sheet of hardboard. Fully"
https://secretlab.co/pages/nanogen,"Conferring a rich grain and a luxurious sheen to the Secretlab TITAN Evo NanoGen™ Edition, it offers world-class performance with a supple finish that feels"
https://nerdist.com/article/secretlab-titan-evo-skins-ahsoka-tano-gaming-chair-review/,"It was the most comfortable chair I'd put at my desk by a factor of many, but it was plain. But then I added the Ahsoka Tano SKINS Secretlab"
https://soxy.com/blogs/secretlab-review/?srsltid=AfmBOop1Qc2SrsXrSebj24srM1f38MjikIQ4SNx1C35jKYyfMBYORoy7,The Secretlab TITAN Evo Lite is a lighter version of its predecessor ... It features Secretlab's signature lumbar support system and is
https://secretlab.co/collections/titan-xl-series,"I love my new chair, confort, quality.mi work 7,5h per day and I game. I finish my day nonpain back. My only concern is adjusting the chair, I am still"
https://secretlab.co.uk/pages/live-demo,"Everything you need for your endgame setup. Get to know our products better with video demonstrations of our ergonomic chairs, desks, and accessories."
https://secretlab.sg/products/secretlab-oracle-red-bull-racing-edition-lumbar-pillow,"Buying direct means you enjoy a price that excludes up to 25% in middlemen costs.

Fuss-free Shipping

Fuss-free Shipping

Receive your product at the soonest possible as we ship direct to you.

30-Day Trial

*

Try our chair at home for 30 days

No snap decisions. See how the Secretlab TITAN Evo fits into your setup and routine — and experience the full ergonomic benefits of our award-winning chair.

Offers

Direct Pricing

Direct Pricing"
https://secretlab.co/products/static-stand,Built for Secretlab TITAN Evo Series (Small and Regular) and Secretlab Classics (OMEGA 2020 and TITAN 2020) gaming chairs. · Comes in a set of 5 static stands.
https://secretlab.co/products/titan-xxs,"With security features like child-friendly locking casters and support for weights up to 70kg, it is safe for your little ones to sit on. Every Secretlab TITAN XXS sports a 5-year warranty too, simply because it’s built to last, just like its big brother.

Product Features

Award-Winning Comfort

Secretlab TITAN Evo

Resources and Specifications

Frequently Asked Questions

The TITAN XXS is not eligible for discounts via referral links or discount codes. [...] Meet the smallest member of the Secretlab family. The Secretlab TITAN Extra Extra Small (XXS) is a 1:2 collectible designed for our truest fans. Turns out the best things do come in small packages.

Take in the luxurious luster of our all-new Secretlab NEO™ Hybrid Leatherette in Stealth. Or color your room with our softly-textured SoftWeave™ Plus Fabric in Plush Pink or Frost Blue — engineered from the ground up for the Secretlab TITAN Evo. [...] Meet the smallest member of the Secretlab family. The Secretlab TITAN Extra Extra Small (XXS) is a 1:2 collectible designed for our truest fans.

We’ve spared no detail in creating the TITAN XXS. It is crafted with the same precision engineering that you’ve come to know and love, so you enjoy incredible functionality in a small package.

Note: Assembly of chair to be carried out by an adult.

Secretlab  TITAN™ Extra Extra Small"
https://www.ebay.com/itm/326368215299,Item number. 326368215299 ; Brand. Titan ; Accurate description. 5.0 ; Reasonable shipping cost. 4.8 ; Shipping speed. 5.0.
https://geekculture.co/tag/secretlab-titan-evo-lite/,"Tag - Secretlab Titan Evo Lite. 8.9/10. Tech · Secretlab TITAN Evo Lite Gaming Chair – Review · Trinity Sun. January 24, 2024. Geekstagram."
https://www.fakespot.com/product/secretlab-titan-evo-lite-in-black-prime-2-0-leatherette-gaming-chair-reclining-ergonomic-heavy-duty-computer-chair-with-4d-armrests-lumbar-support-black,"The chair is very sturdy and well built. ... Busted arms, weak back hinges, and worst of all, sinking slowly down until my chin is at desk level! Busted arms,"
https://www.ign.com/articles/secretlab-easter-sale-2025-best-deals-on-titan-gaming-chairs,"Among the Titan chairs, the Evo Lite is definitely the best value with its starting price tag of $419, or a full $100 less than the base model Titan Evo. It's built upon the same frame as the Titan Evo and has the same core features like the cold-cure foam cushioning, lumbar, 165 degrees of recline, and 4D armrests. What it compromises on is customization, with ""only"" two upholstery options, two sizes, and five colors, a non-adjustable lumbar system, simpler arm rests, and no included head [...] extra cost thanks to dramatically improved materials in both the fabric and multi-layered padding. The Titan Evo Nanogen Edition is class-leading, and is hands-down the most comfortable gaming chair I’ve ever used."" [...] The prior model Titan 2020 gaming chair is available for $474, which is $45 less than the base model Titan Evo. The Titan 2020 is still an excellent chair and not much different than the current Evo model. In fact, outside of an upholstery change (the PU leather has been updated with Neo Hybrid Leatherette), the changes are mostly cosmetic. You are limited to fewer design options, so if you want to build out something that's truly unique, you might want to splurge a bit extra for the current"
https://www.instagram.com/t3dotcom/reel/C2fc_-_oK_S/,"The now iconic design is upgraded with more screen due to less bezel, the new rounded corners bring enhanced comfort, while the camera gets"
https://blog.secretlab.co/stories/introducing-secretlab-titan-evo-lite-all-the-essentials-you-need/,"Designed in-house, and tested by the same experts who worked on our flagship chair, TITAN Evo Lite delivers the sound ergonomic design that Secretlab chairs have become known for. We’ve also benefited from years of manufacturing optimization, which has allowed us to make it 20% cheaper than its sister, while still delivering 95% of the same premium experience.* [...] The flagship TITAN Evo was the result of nearly 100,000 hours of R&D and testing across 932 prototypes. We obsessed over every single detail in our design. From the gentle 30° angle of the side wings to the deliberate curves and contours of the backrest and seat base, every design decision has been validated by an independent Ergonomics Advisory Board of experts, and tested and refined over and over again for optimal support. [...] For years now, we’ve fielded countless requests asking for a more affordable version of our award-winning Secretlab TITAN Evo. The Secretlab TITAN Evo Lite was designed to fulfill that very simple proposition — to create an ergonomic chair that would be even more accessible for everyone."
https://www.tiktok.com/@secretlab/video/7353553734061903122,"1249 Likes, TikTok video from Secretlab (@secretlab): “Experience superior comfort and support with the Secretlab TITAN Evo chair designed"
https://www.amazon.com/Secretlab-Titan-Stealth-Leatherette-Gaming/dp/B0CR6DYX5W,"It's perfect for long sitting hours, whether working or gaming. The 4D armrests and lumbar support are just the cherry on top. If you're looking for a premium"
https://www.instagram.com/secretlab/p/DC_xST2hkMA/,Set the tone with BLACK³. The Secretlab TITAN Evo Lite in BLACK³ SoftWeave® Plus Fabric combines three unique shades of black to add rich
https://kingahomes.com/?x=1412620991612,Secretlab Titan Evo 2022 review Still one of the best gaming. Gaming Chairs Secretlab TITAN Evo Secretlab US. Details: Douxlife Big Tall Gaming Chair 400 lbs
https://genxsolutions.co.uk/?g=459654512,Ergonomic Chair Showdown Hinomi vs. Secret Lab Honest · Gaming Chair Features Secretlab TITAN Evo Lite Secretlab US · Secretlab Titan Evo Lite BRUTALLY HONEST
https://www.fortunefurniture.in/?a=1568708740337,Similar Items · secretlab titan evo 2022 · The Best Gaming Chairs in · Reddit secret lab chair Hi Tech · secret lab titan evo · secretlab titan evo 2022 reddit
https://m.facebook.com/story.php?story_fbid=1010177971149865&id=100064730136367,Raised it with customer services and the First Lady was lovely and requested a video. I transferred it to them and she said she had it A day later I get a
https://www.instagram.com/reel/DIRSaAfMy2L/,"... likes, 3 comments - secretlab on April 10, 2025: ""Shaped by ... Instagram Lite · Threads · Ray-Ban Meta · Contact Uploading & Non-Users."
https://kingahomes.com/?x=1570413993112,Secretlab Titan Evo Lite Gaming Chair with 4D Barbados Ubuy. Secret lab shop titan guaranteed armrest. Secretlab best sale 4d armrest. Details: Tips To Keep
https://www.pcgamer.com/hardware/,"... review. By Kegan Mooney Published February 25, 2025 · Gaming Chairs · Secretlab's new Monster Hunter themed Titan Evo gaming chair. News. The best Secretlab"
https://brownmenmarketing.com/?p=1412620991340,"Secretlab Titan Evo 2022 Review The Best Yet Tech, Secretlab Titan Evo best 2022. ... Secretlab Titan Evo Lite Gaming Chair with 4D Lebanon Ubuy best. Care Guide"
https://typewritercollector.com/?t=452951112,Secretlab TITAN 2020 Gaming Chair Secretlab US. Gaming Chair Features Secretlab TITAN Evo Secretlab US. Help Titan stuck in recline r secretlab. 5 tips to get
https://gamerant.com/secretlab-announces-cheaper-titan-evo-lite-gaming-chair/,Key Features · Patent-pending cold-cure foam for optimal comfort and support · Versatile adjustments for various sitting postures · Integrated
https://bbs-connect.de/?x=1436041070864,Titan evo lite better than secret best lab. Best Gaming Chairs of 2025 Reviewed. dxracer secretlab. secret lab chair comparison. Secretlab OMEGA 2020 Gaming
https://www.trustpilot.com/review/secretlab.co,"Ordered Titan EVO 2 in Charcoal Blue which is advertised as a Dark-Grey. I received a Light-Grey chair. Customer Support sais ""please note that some of the"
https://www.inkl.com/news/secretlab-titan-evo-lite-review-a-more-affordable-gaming-chair,Secretlab Titan Evo Lite. The Secretlab Titan Evo Lite is a brand-new chair from one of the biggest names in gaming chairs. It is designed to
https://www.tiktok.com/discover/secretlab-titan-evo-review,"with solid lumber support system, goodbye lower back pain! This chair also nails it. with multi tilt mechanism or an effortless. personalized"
https://www.amazon.com/Secretlab-Titan-Cookies-SoftWeave-Gaming/dp/B0CR6FKJDS,"Engineered for even weight distribution and maximum pressure relief, it delivers uncompromising support for long hours of focus. Carefully sculpted ergonomic design that gives you the freedom to move, without compromising on support."
https://ageconcernwindsor.org.uk/?t=822683140231,"Jual Secretlab Titan Evo Lite PRIME Leatherette Black. Selected Secret Labs ... Assassin s Creed Secretlab US guaranteed, Secretlab Titan Gaming Chair review"
https://www.tomshardware.com/reviews/secretlab-titan-evo-2022-review-superior-gaming-chair,"Since 2014, Secretlab has made a name for itself making premium gaming chairs with a strong range of movement. The Secretlab Titan Evo 2022 released today combines features of one of the best gaming chairs we’ve tested, the Secretlab Omega, and the Secretlab Titan, which accommodated the big and tall crowd, into one. Secretlab is discontinuing the other two chairs and offering the Titan Evo in three sizes, hoping to accommodate the whole market. [...] You can find countless gaming chairs all over the internet coated in polyurethane (PU) leather and many notably cheaper than the $449 Secretlab is charging for the regular-sized Titan Evo. The Cooler Master Caliber R2, for example, is currently $300, albeit with a smaller range of adjustments and less comfort. However, Secretlab claims its new fake leather is 12 times more durable than regular PU leather, thanks to a “base layer reinforced with ultra-fine fibers.” Plus, a “unique top laminate” [...] Secretlab’s Titan Evo is a solid chair. The chair’s cold cure foam has hardly any give. Secretlab describes it as “medium-firm,” but I’d go with hard — but not rock-hard. I came to this chair after months of using the Mavix M5, a mesh chair that uses a porous lattice pattern for support with obvious give. The contrast made the Titan Evo a bit jarring at first."
https://www.linkedin.com/posts/kenneth-lai-9340435_gaming-chair-features-secretlab-titan-evo-activity-7158108728850894848-3pjO,Kenneth Lai's Post ... Senior Global Operations Executive: Supply Chain & Operational Excellence ➢ Evolving international companies into more
http://typewritercollector.com/?t=465099312,"Secret Lab Honest sales, Secretlab Titan Evo 2022 review The Lamborghini of ... Lite Secretlab US sales, SecretLab Titan XL Review PCMag sales, Is a"
https://secretlab.co/products/secretlab-ergonomic-recliner,"It's a decently functional add-on for my chair. It installed efficiently and the lever action is convenient. The cushion is very plush.

I'm 6'2"" and find it's too short for my legs to be as comfortable as I was hoping for. I imagine it would work as intended for someone 6' or shorter, but for me it's just a tad too close for where my legs need to rest.

A must

Easy to mount and very comfortable, strongly suggested [...] We offer an incentive program to encourage customers to post their reviews. Reviews reflect the actual views of customers Reviews that contain illegal or abusive content, or content that violates our terms of use are not displayed.

Product Warning
                        For California Residences: Learn about Proposition 65.

Proposition 65 Warning for California Consumers [...] The instructions were clear and the installation was fairly easy. As with their other products, they provide all the tools you need. The actual recliner is nice and well built. I enjoy using it and it makes quite a big difference to my overall comfort. My only problem with the recliner was that it felt flimsy at first. There is a little bit of give when you put your legs on it; however, the feeling did go away over time as I got used to it. The only other issue is that I like to rest my feet on"
https://secretlab.co/pages/resources,Secretlab SKINS Best Seller Premium chair sleeves to refresh the look of your chair MAGNUS Monitor Arms New Find your perfect ergonomic view Chair Add-Ons Personalize your Secretlab sitting experience Desk Add-Ons Achieve unrivaled cable management  Shop All Products Gaming Chairs Computer Desks Accessories Warranty Extension Secretlab for Business Assembly GuideFor Secretlab TITAN Evo and TITAN Evo NanoGen™ Edition View Guide Full Assembly Video GuideFor Secretlab TITAN Evo and TITAN Evo NanoGen™ Edition View Video User ManualFor Secretlab TITAN Evo and TITAN Evo NanoGen™ Edition View Guide Aftercare guideFor Secretlab TITAN Evo and TITAN Evo NanoGen™ Edition View Guide Assembly Guide and User Manual For Secretlab SKINS (Softweave™) and SKINS Lite View Guide Secretlab MAGNUS Desk Riser Assembly Guide and User Manual
https://secretlab.co/products/plushcell-memory-foam-armrest-top,"Customer Reviews

Customer Reviews

Thank you for submitting a review!

Your input is very much appreciated. Share it with your friends so they can enjoy it too!



Like your arms are floating on a cloud!!!!



Must have for a secret labs chair. Like the cherry on top.



Amazing armrest and very soft for the elbows"
https://www.ubuy.com.zm/product/IJK5R1Q1W-secretlab-titan-evo-lite-in-charcoal-blue-softweave-gaming-chair-reclining-ergonomic-heavy-duty-computer-chair-with-4d-armrests-lumbar-support?srsltid=AfmBOopEYJyGZu7EBeRtFOVAfLBxv-LL1FO6ONv4tiNWOWTVMGcLwp3r,"Durable upholsteries - Choose between plush and supple PRIME 2.0 leatherette and soft, breathable SoftWeave fabric, both put through rigorous real-world testing"
https://www.comoros.ubuy.com/com/product/IJRT28B9K-secretlab-titan-evo-lite-in-black3-prime-softweave-gaming-chair-reclining-ergonomic-heavy-duty-computer-chair-with-4d-armrests-lumbar,"Durable upholsteries - Choose between plush and supple PRIME 2.0 leatherette and soft, breathable SoftWeave fabric, both put through rigorous real-world testing"
https://secretlab.co/products/soft-rollerblade-casters,This is my second chair I've purchased through Secret Labs and I'm once again not disappointed. I got the Titan EVO XL and it's so far been amazing. The quality
https://www.moneysmart.sg/store/products,"Secretlab TITAN Evo Lite (SoftWeave® Fabric). S$519.00. 5,040 Points ... The details you see on our site may be different from others. Some"
https://www.instagram.com/reel/DIl2f4xSGZM/,✨ Secretlab Ravenclaw Titan Evo SKIN by @secretlab (gifted) What do you think of my new setup? #harrypotter #potterhead #maraudersmap #secretlab
https://secretlabchairs.com.au/pages/titan-evo-2022-series,"Discover the features and innovations behind our latest gaming chair, the TITAN Evo. 4-way lumbar support, magnetic head pillow, and more."
https://secretlab.sg/products/secretlab-automobili-lamborghini-lumbar-pillow-pro,I've had my Titan Evo R for several years now and I was looking to add a little support to my setup. I waited for a sale but I feel like the item was worth the
https://uk.trustpilot.com/review/secretlab.co,"This may as well be blatant theft. Ordered the secret lab chair. The package has been lost, and Secret lab wont refund until they locate that chair!! What a"
https://www.tiktok.com/discover/secret-labs-gaming-chair-review,"Best part about the secret lab chair is a lumbar support by far. I mean, you can adjust exactly how much lower back support you want. at any"
https://secretlab.co/products/lumbar-pillow-pro,Carefully sculpted ergonomic arch that complements the integrated 4-way L-ADAPT™ Lumbar Support System on TITAN Evo for enhanced back support. · Designed for a
https://secretlabchairs.com.au/products/titan-xxs,"Meet the smallest member of the Secretlab family. The Secretlab TITAN Extra Extra Small (XXS) is a 1:2 collectible designed for our truest fans. Turns out the best things do come in small packages.

Take in the luxurious luster of our all-new Secretlab NEO™ Hybrid Leatherette in Stealth. Or color your room with our softly-textured SoftWeave® Plus Fabric in Plush Pink or Frost Blue — engineered from the ground up for the Secretlab TITAN Evo. [...] With security features like child-friendly locking casters and support for weights up to 70kg, it is safe for your little ones to sit on. Every Secretlab TITAN XXS sports a 5-year warranty too, simply because it’s built to last, just like its big brother.

Product Features

Award-Winning Comfort

Secretlab TITAN Evo

Resources and Specifications

Frequently Asked Questions

The TITAN XXS is not eligible for discounts via referral links or discount codes. [...] Which accessories are compatible with my chair?

Easter Sale

Direct Pricing

Direct Pricing

Buying direct means you enjoy a price that excludes up to 25% in middlemen costs.

Fuss-free Shipping

Fuss-free Shipping

Receive your product at the soonest possible as we ship direct to you.

30-Day Trial

*

Try our chair at home for 30 days

No snap decisions. See how the Secretlab TITAN Evo fits into your setup and routine — and experience the full ergonomic benefits of our award-winning chair."
https://secretlab.sg/pages/peelprotection,"The armrests on all Secretlab TITAN Evo chairs feature a 2022 Series metal badge at the bottom and metal buttons. In addition, it is outfitted with magnetic interchangeable CloudSwap™ armrest tops.

Secretlab TITAN Evo Lite

Your chair’s model is embroidered on the backrest. Check the rear of your chair for your chair model.

Secretlab Classics

The armrests on all Secretlab Classics chairs feature a 2020 Series metal badge at the bottom and metal buttons.

2018 Series [...] * Secretlab Classics is the official collection of our 2020 award-winning gaming chairs, which includes the Secretlab OMEGA 2020, the Secretlab TITAN 2020 and TITAN XL 2020, and all their Special Edition (SE) variants.

Secretlab TITAN Evo Lite and Secretlab Classics

Replacement backrests and/or seat bases for Secretlab TITAN Evo Lite and Secretlab Classics* chairs and older will be upholstered in Secretlab PRIME™ 2.0 leatherette. [...] That’s not all. Every Secretlab chair, no matter how old, is covered by one of our two protection plans — the Secretlab Peel Protection Guarantee or Replacement Program.

Overview

Peel Protection Guarantee

Replacement Program

Trade-In Program

Secretlab TITAN Evo / Secretlab TITAN Evo Lite

Secretlab Classics

2018 Series / Pre-2018 Series

Secretlab TITAN Evo / Secretlab TITAN Evo Lite

Secretlab Classics

2018 Series / Pre-2018 Series

Peel Protection Guarantee

Replacement Program"
https://secretlab.co/products/secretlab-premium-footrest-plushcell-memory-foam,"Get head-to-toe comfort with this under-desk footrest. Made of soft velour, the fabric cover is engineered for long-term use, retaining shape for comfort that"
https://www.webhallen.com/,"Webhallen, ledande återförsäljare av tech, gadgets, spel och mer. Låga priser och fri frakt för medlemmar!"
https://www.moneysmart.sg/credit-cards,Popular Credit Card Guides Complete Guide to Credit Cards Singapore Credit Cards Reviews Best Credit Card Promotions in Singapore Best Cards For Travel & Overseas Spending Best Airport Lounge Credit Cards 7 Best Air Miles Credit Cards Air Miles vs Cashback vs Rewards Cards Overpaid Credit Card: What to do? Citi | Get Upsized S$400 Cash SCB | Get S$380 Cash HSBC | $450 Cash + Weekly Lucky Draw UOB | Credit Card Promotions OCBC | Exclusive $130 Cash Rewards CIMB | Get up to S$238 Cashback AMEX | Get S$70 Cash Maybank | Credit Card Promotions See All MoneySmart Exclusive Promotions Credit Cards Personal Loans Home Loans Renovation Loans Car Loans Invest Fixed Deposit Priority Banking Savings Accounts
https://www.instagram.com/reel/DIUBleUSm0Q/,✨ Secretlab Ravenclaw Titan Evo SKIN by @secretlab (gifted) What do ... Instagram Lite · Threads · Ray-Ban Meta · Contact Uploading & Non
https://www.instagram.com/reel/DIQjJcKhnUg/,We checked out @secretlab's latest automotive-themed collaboration: The TITAN Evo McLaren Edition. ... Instagram Lite · Threads · Ray-Ban Meta.
https://www.nytimes.com/wirecutter/reviews/best-gaming-chairs/,"Flaws but not dealbreakers

It isn’t as adjustable as our more expensive picks. The Secretlab Titan Evo is great for the price, but you can’t fine-tune it as much as the Mavix M9 or Herman Miller Aeron. Only the chair height, recline angle, lumbar support, and armrest height are adjustable on the fly. Technically you can change the width of the armrests, but only if you unscrew them from the bottom of the seat. [...] The Secretlab Titan Evo is comfortable enough to sit in for hours without getting sore, and it’s available in three sizes. It supports good posture for mouse-and-keyboard gaming, and it reclines farther than our other picks for when you want to lie back with a controller. It also offers adjustable lumbar support and a soft head pillow that attaches magnetically, and it comes with a three-year warranty. Additionally, you can choose from 77 variants to customize your seat color, material, and [...] Most of our testers, friends, and family liked the Secretlab Titan Evo right away. I sat comfortably in this chair for hours without getting sore in my lower body or back, and you can easily make many adjustments to it while seated. It’s supportive enough for mouse-and-keyboard gaming, and it reclines farther than our other picks for cozy sessions with a controller. We also loved the extra touches that make this chair feel even fancier, such as its cushy memory-foam pillow and adjustable lumbar"
https://secretlabchairs.ca/pages/reviews,"Reviews & Awards

Over 10,000 5-star ratings and multiple editors' choice awards can't be wrong — find out what makes Secretlab chairs great with reviews from the press and real users.

TechRadar

TweakTown

Gameranx

Geek Culture

Awards

Reviews

Secretlab TITAN Evo

Gaming Chairs

Secretlab MAGNUS Pro

Sit-to-Stand Metal Desk with Magnetic Ecosystem

Secretlab MAGNUS Metal Desk

with Magnetic Ecosystem

Secretlab Classics Gaming Chair

OMEGA 2020

TITAN 2020

TITAN XL 2020

Featured

Featured [...] Over 3,000,000 Happy Users and Counting

Customer Reviews





Join our mailing list for the latest offers and product releases!

Copyright © 2015 – 2025 Secretlab. All rights reserved. Secretlab™ is a registered trademark of Secretlab SG Pte Ltd"
https://simplycodes.com/store/secretlab.co,Secretlab ; Core product lines. TITAN Evo 2022 Series ; Materials and technology. Secretlab chairs feature premium materials developed through extensive testing:.
https://carocc.com/blogs/news/the-best-ergonomic-comfort-office-chairs-you-can-buy,The Secretlab Titan Evo 2022 Series gets high ratings for long work or gaming sessions. Its foam padding and memory foam pillow make it
https://www.ipos.gov.sg/news/events/inta-2023,"Don't miss the tips, strategies and insights that will be shared from our IP ... Secretlab TITAN Evo. The TITAN Evo is Secretlab's most technologically"
https://www.moneysmart.sg/credit-cards/promo,Product Carousel. slide 1 to 2 of 6. S$350 (S$299 Cash + S$51 eCapita Vouchers). Only $4 with SmartPoints. Secretlab TITAN Evo Lite (SoftWeave® Fabric). worth S
https://crm.anyweb.in/?c=452796712,Best Secretlab Gaming Chairs of 2022 · Gaming Chair Features Secretlab TITAN Evo Lite Secretlab US · Secretlab Omega vs Titan 4 Key Differences Analysis · Gaming
https://www.ebohemians.com/what-are-the-best-ergonomic-office-chairs-for-long-hours-of-sitting/?srsltid=AfmBOoox2VaOaJqOdGAq52jr8BwQJnP_LG_bfiVBO5R5xVBKcifhzcSS,"... reviews. Secretlab Titan Evo 2022: A Gaming Chair for the Office? With a sturdy build and a reputation for endurance, the Secretlab Titan Evo"
https://prosettings.net/reviews/secretlab-magnus-pro-review/,"This product was received for free from the manufacturer and given to our reviewer to test and review. Brands and manufacturers have no editorial control over our reviews. For more information, check out our review FAQ.

Lars

Former semi-pro gamer turned writer, product reviewer, and community manager.

Related posts

Secretlab TITAN Evo: the Chair for Everyone

Secretlab Titan Evo 2022 Review

Secretlab Titan 2020 Review

Secretlab Titan Softweave Review

But I didn’t see it on Amazon bro??? [...] Something I will note is that the buttons (which are touch buttons) can be a bit sensitive. I’ve had it happen once or twice that I tried to move the desk without really looking at the console, only to find out that I had accidentally saved over an existing preset without noticing. That’s arguably more of a user error thing rather than a product error, but some feedback or a little ‘grace period’ when using the buttons would’ve been nice.

Build Quality [...] Combine this cable management system with the PC mount and the cable anchors (I’ll speak about the optional accessories later on in the review) and you have a desk setup that looks effortlessly clean without any wires anywhere. Secretlab did an absolutely fantastic job here.

Everyday Usage

Comfort"
https://www.hardwarezone.com.sg/product-ttracing-swift-x-pro,... Secretlab's second-tier Titan Evo Lite – but that chair is also almost $200 more expensive. The chair does come with a separate memory foam
https://www.migeof.com/author/migeoffice/page/8/,"Secretlab TITAN EVO 2022. View at Secretlab · View at Amazon. Key Specifications ... enhance aesthetics, increase natural light, and improve office functionality."
https://www.hardwarezone.com.sg/feature-top-gaming-and-smart-home-deals-it-show-2024,"The Titan Evo is one of the best ergonomic chairs around. Secretlab has quite a few bundles on offer at the IT Show. The best bundle, in my"
https://www.facebook.com/Secretlab/posts/see-comfort-in-a-new-lighthttpssecretlabco-aimanhaz_-/3043819252568021/,Missing: Lite evaluations -
https://www.reddit.com/r/OfficeChairs/comments/1evxv8s/better_alternative_to_the_secretlab_titan_evo_xl/,The TITAN is £560 but I'm flexible on price for something really well made. Any alternative recommendations would be great!
https://secretlab.co/pages/lolesports,"Secretlab is the Official Global Partner of LoL Esports and gaming chair of choice for the highest levels of competitive League of Legends. From Worlds to MSI, First Stand, and top leagues like LTA North, LEC and LCK, Secretlab seats support the world’s most elite players as they make history. Trusted by the best teams, Secretlab TITAN Evo delivers pro-grade ergonomics from practice to the biggest stages.

Select a Variant

SECRETLAB [...] The TITAN features built-in, adjustable lumbar support for your lower back. Give your back the support it needs, all without a separate lumbar cushion.

""For more than five years, League of Legends Esports pros have trusted Secretlab's award-winning chairs to meet the moment and deliver optimal comfort and performance at every level of competition. No other brand is trusted more to meet the needs of our world-class players.""

Chris GreeleyGlobal Head of LoL Esports, Riot Games [...] Enjoy additional support for your neck and back with dense, premium memory foam, which effortlessly conforms to the shape of your body. The head pillow also features a layer of cooling gel to quickly whisk heat away.

SecretlabTITAN 2020

RECOMMENDED SIZE

5'9""-6'7""

<290lbs

Leveled Seat Base

Sit cross-legged comfortably with fully unrestricted sitting space.

Neck Pillow and Integrated Adjustable Lumbar Support"
https://www.pcguide.com/deals/black-friday/secretlab/,The Secretlab Titan EVO 2023 series boasts a huge amount of ergonomic adjustability and an industry-leading level of comfort. The materials used
https://consumerrating.org/gold-ira/reviews/augusta-precious-metals/,Secretlab TITAN Evo · Secretlab Omega (2020) · Secretlab Titan · E-Win · Vertagear ... Education team led by Harvard-trained economic analyst. Transparent
https://prosettings.net/guides/best-chair-for-fortnite/,"If your budget is in the $500-600 range, this is a very obvious contender. It’s the industry standard for a reason.

Secretlab Titan EVO 2022

The firmer cushion and padding definitely won’t suit everyone, but if you’re someone who prefers a firmer support area over a cloudy feeling for your bottom then this Secretlab Titan Evo 2022 is one of the better gaming chairs out there at this point in time.

Pros

Cons

Specs [...] The Secretlab Titan Evo 2022 is currently the most popular gaming chair on our website, and for good reason. It’s an extremely high-quality chair that’s built to last and is available in a ton of different varieties so that everyone can get one that matches their aesthetic. [...] Best Chair for Fortnite

Researched by Lars

Quick navigation

The most used chairs by Fortnite players

Secretlab Titan EVO

Logitech G x Herman Miller Embody

Herman Miller Embody

Herman Miller Aeron

Razer Iskur V2 X

The most popular chairs are calculated based on 301 professional Fortnite players.

Introduction"
https://www.jade-square.com/?j=453062912,"Secretlab TITAN Extra Extra Small Secretlab EU hotsell, Secretlab TITAN 2020 Gaming Chair Secretlab US hotsell, Gaming Chair Features Secretlab TITAN Evo"
https://dev.to/wraith/my-8-tips-for-a-better-life-as-a-developer-1hfg,"I personally use the Secretlab Titan Evo (Batman Themed) and have been very happy with it for a couple years now. And compared to many of the high end desk chairs out there, the price tag isn't too bad.

Keyboard [...] It turns out there is a lot of positive benefits to keeping Pull Requests (or Merge Requests for you GitLab folks) small. Fewer bugs get released, we spend less time reviewing code, and features get rolled out faster, just to name a few. All this not only makes our product better, but I've found that it drastically improves my experience as a developer as well! [...] I decided if I get a work related injury, it will be my left hand. The next day, I started mousing left-handed; I didn't swap the assignment of the mouse button. I found that I could take notes while debugging without having to stop and switch hands."
https://www.ebay.com/itm/395383770259,"Absolutely fantastic seller, went above and beyond. Would give 10 stars if I could! Secretlab Titan EVO Gaming Chair Magnetic Head Pillow (#395867800085)."
https://www.gizguide.com/2022/04/secretlab-titan-evo-2022-dark-knight-the-joker-ph.html,"To recap, the TITAN Evo 2022 is boasting a Neo Hybrid leatherette material that is just like NAPA leather in sports cars. It is said to be soft,"
https://itinsighter.com/articles/best-bluetooth-gaming-chairs-guide/,"For instance, the Secretlab Titan Evo 2022 provides an exemplary example of luxury gaming furniture with its adjustable lumbar support system, customizable"
https://hirosarts.com/blog/best-gifts-for-gamers-of-all-budgets/?srsltid=AfmBOoqhcj-ppT58KMi5BzlTiH6ocTRWpPrBn19Rum6naZycakVlyxoG,The Secretlab Titan Evo Ergonomic Chair is an excellent option for gamers who value support and comfort. With its multi-functional tilt
https://www.independent.co.uk/extras/indybest/gadgets-tech/video-games-consoles/best-gaming-chairs-uk-b2319978.html,Secretlab titan evo softweave plus gaming chair ... The difference between Secretlab's softweave coverings and the softweave plus isn't
https://www.tiktok.com/@lindavivah/video/7182271349782744366,and I decided to get the Titan Evo 2022. chair in arctic white. the box was pretty heavy. I've wanted this chair for years. and I sit for long
https://www.windowscentral.com/razer-project-brooklyn-concept,"He is also the head reviewer, podcast co-host, and analyst ... Promotional image of the Secretlab TITAN Evo Monster Hunter Wilds Arkveld Edition"
https://www.gizguide.com/2022/06/meet-secretlab-titan-evo-2022-cookies-and-cream.html,"It has plenty of sturdy metal parts, the SoftWeave Plus finish has been sewed properly, the armrest doesn't look like it will wear out anytime"
https://www.amazon.com/Corsair-CF-9010007-Warrior-Gaming-Comfort/dp/B077HC1XDX,"Secretlab Titan Evo Stealth Gaming Chair - Reclining, Ergonomic ... I've seen enough objective reviews and analysis of their many products to know that"
https://www.quora.com/Which-gaming-chair-would-you-recommend-for-long-hours-of-sitting?top_ans=358364026,"The Secretlab Titan Evo 2022 is a high-end gaming chair that is known for its comfort and durability. It is made with high-quality materials,"
https://ergonomictrends.com/best-ergonomic-office-chairs-for-back-pain/,"To start, most gaming chairs simply trounce regular office chairs in how far back their backrests can recline. The Secretlab Titan Evo for example can go all"
https://www.refersion.com/blog/top-affiliate-marketing-programs-in-2025/,... Secretlab's award-winning ergonomic furniture is built for peak performance. Their flagship TITAN Evo and MAGNUS Pro desk are designed with
https://uk.trustpilot.com/review/secretlab.co?page=9,"Do you agree with Secretlab's 4-star rating? Check out what 10529 people have written so far, and share your own experience. | Read 161-180 Reviews out of"
https://www.yahoo.com/tech/andaseat-luna-review-basic-gaming-130000385.html,You want something simple and easy · You're on a budget · You want plenty of adjustments · You want the best build quality · Secretlab Titan Evo
https://www.tiktok.com/@secretlab/video/7315362517348371720,Now available for Secretlab SKINS Lite. Link in bio. #gundam ... The Secretlab TITAN Evo Giyu Edition features an innovative color
https://indianexpress.com/article/technology/gaming/consider-these-accessories-to-complete-your-dream-gaming-pc-setup-7649441/,"Secretlab's TITAN series gaming chairs are a bit pricey, but offer all the necessities for long hours. It features an adjustable armrest that"
https://chairsfx.com/gaming-chair-news/2024-chair-price-outlook/,"From 2021 to 2023, Secretlab Titan Evo prices increased by 27.9%; Herman Miller Aeron gaming chair prices went up by 24.9%. Happy guy checking"
https://www.pcguide.com/computer-chair/guide/best-gaming-chairs-for-kids-and-teenagers/,"The only downside is the price, which makes it a premium option for any gamer. With that being said, the Titan Evo is one of the best gaming"
https://chairsfx.com/gaming-chair-reviews/secretlab-titan-cyberpunk/,Secretlab's Titan Cyberpunk chair has a brilliant design and rich ergonomics. Detailed Titan Cyberpunk review (2022 and 2020 Series).
https://softlances.com/articles/herman-miller-tall-office-chair-review/,Steelcase Leap Chair: Known for its adjustable lumbar support but might not have the same level of aesthetic appeal. · Secretlab Titan Evo 2022: This gaming
https://secretlab.sg/pages/careers,"Sorry! The position you are looking for cannot be found or is no longer available.

Careers



•

Position Type 
Preferred Experience 
Salary Range

Job Description



We're constantly on the lookout for talented individuals. Reach out to us at [email protected] if you believe that your skill set is of value to us!

Start Date:

Working Hours:

Dress Code:

Spoken Language:

Benefits:

Address:


 Open Map

Phone: [...] Copyright © 2015 – 2025 Secretlab. All rights reserved. Secretlab™ is a registered trademark of Secretlab SG Pte Ltd [...] Secretlab today is the gaming seat of choice for the world’s premier esports tournaments such as Dota 2’s The International (right), League of Legends’ World Championships, Counter-Strike: Global Offensive global tournaments, and more. We’re also rated as the undisputed #1 by the international media, with near perfect reviews from our users. Come see what it's like to be part of our starting line-up, and reap the benefits of a fast-tracked career."
https://secretlab.co/products/magnus-heavy-duty-monitor-arm,"A sleek, ultra-wide computer monitor mounted on an adjustable stand is shown from · Close-up of a mechanical adjustment feature on a piece of equipment."
https://www.coursehero.com/file/165173217/Secretlab-Major-Reportdocx/,... weaknesses and strengths. Martin (2021) explained that the 5 ... Secretlab Titan Evo chair is ranked 2022 best gaming chair in the US
https://www.tiktok.com/@thetashbunny/video/7204698795307699483,"and honestly. it's amazing. The chair I got from Secret Lab last year. was the Soft Weave Plus in pink, but this time I was given the leather"
https://www.techpowerup.com/review/?%8Aw%E8q%EA%E2%B5%A9%E0z%7Bh%B6%EC%9A%92%EC%9A%86%D9%A5=&p=103,The Thermaltake S500 TG aims to bring the essential feature-set and look and feel of the A500 to the masses at a fraction of the price.
https://www.facebook.com/photo.php?fbid=3043818792568067&id=1533545236928771&set=a.1580030638946897,My partner and I want to order 2 chairs but I want either white or black. So really hoping someone can give me some clarity on the white/grey of
https://www.reddit.com/r/secretlab/comments/182y93l/looking_at_a_new_desk_and_chair_have_heard/,"Both the desk and chair are good quality. No complaints. They package their products extremely well/premium, provide clear instructions, and the tools to put"
https://secretlab.eu/pages/terms-and-conditions?srsltid=AfmBOoqDa_yR0DiKViOSc1kIUvbxoDfJedNCEFV6qM22fTzlJGC7xusE,"Secretlab TITAN Evo Lite · Secretlab SKINS · Secretlab MAGNUS Pro · Support ... review, please contact the Secretlab DPO. 6. HOW WE KEEP PERSONAL DATA SECURE."
https://comptroller.texas.gov/transparency/open-data/recent-sales-tax-permits/,"Required Applications:

Adobe Reader
MS Excel App
MS PowerPoint App
MS Word App
QuickTime Player
QuickTime Player
Windows Media Player

Footer
Contact
Share/ Connect
Subscribe
Policies/ Rules
Careers


Contact Us
Agency Calendar
Report Fraud
Job Opportunities
Customer Service
Páginas en español
Website Admin
Webfile Help"
https://www.amazon.com/AKRacing-Masters-Luxury-Gaming-Chair/dp/B07B3VMTQD,"Overall 4/5 for experience using this chair for a couple weeks now. The armrest issue is EXTREMELY disappointing considering the price point of this chair, I"
https://www.wired.com/story/behind-the-scenes-ikea-design-lab/,"Ikea sits atop one of the most sophisticated and efficient supply chains in the world. The Swedish furniture giant is a logistical titan, a"
https://www.linkedin.com/in/jenny-naughton-3452b118b,"Managed computerized inventory, product ordering, profit and loss analysis and future planning. Handled high volume sales with minimal staffing, trained"
https://chairsfx.com/gaming-chair-news/recaro-ergonomic-chairs/,RECARO Exo improvement idea Adding ... Secretlab Titan Evo Lite gaming chair release notes · Gaming Chair
https://www.linkedin.com/posts/secretlabsgpteltd_a-gamers-guide-to-ergonomics-esports-physical-activity-7276910869978996736-LvDj,... Secretlab TITAN Evo to reduce pain and discomfort ... improve upon what was already a stellar product. #Gaming
https://www.yahoo.com/tech/secretlab-titan-evo-nanogen-edition-165343938.html,"The Titan Evo NanoGen Edition is another excellent Secretlab chair. It's supportive, well-made, and should last a long time."
https://blog.secretlab.co/stories/5-inspiring-setups-for-the-most-popular-interior-styles/,"Add a cozy touch with the soft knit of the TITAN Evo in Charcoal Blue SoftWeave® Plus Fabric and brighten up your space with a pop of color. For additional ergonomic support for your feet, elevate your sitting experience with the Professional Footrest (CloudSwap™ Technology), featuring Dynamic and Stationary modes for maximum versatility. [...] Products featured: MAGNUS Pro Sit-to-Stand Metal Desk, MAGPADTM Desk Mat – Signature Stealth, MAGNUS Monitor Arm (Heavy Duty Edition), Premium PC Mount, Magnetic Headphone Hanger, TITAN Evo in Charcoal Blue SoftWeave® Plus Fabric, Professional Footrest (CloudSwap™ Technology)

4. Minimalistic [...] Products featured: MAGNUS Pro Sit-to-Stand Metal Desk, MAGPADTM Desk Mat – Signature Stealth, MAGNUS Dual Monitor Arms, Premium PC Mount, Magnetic Headphone Hanger, Magnetic Cable Anchors – Black, TITAN Evo in Stealth NEO™ Hybrid Leatherette

3. Scandinavian"
https://secretlab.co/pages/for-business,"Every Secretlab product incorporates a deep understanding of all the different ways people work. From our chairs and desks to a selection of modular accessories, each one thoughtfully elevates your routine and helps create a more comfortable, efficient, and ergonomic workspace.

Secretlab Chairs

TITAN EVO

Our most advanced ergonomic chair

Secretlab Chairs

TITAN EVO LITE

All the core features, for less

Secretlab Desks

MAGNUS PRO

Our flagship standing desk

SECRETLAB DESK ADD-ONS [...] Our ergonomic chairs and desks are designed to encourage movement for a more healthful workday. The Secretlab TITAN Evo delivers responsive comfort that moves with you across multiple tasks and postures. Together with the MAGNUS Pro standing desk, it prevents stress from building up on your body and keeps you focused through your 12-hour days.

Trusted by the best in the industry [...] Work better and healthier with Secretlab TITAN Evo, engineered to support you as you switch between tasks and go from spreadsheet to video call. Outfitted with research-backed proprietary technologies, TITAN Evo maximizes performance, improves productivity, and responds effortlessly to your every move.

Build your workspace"
https://designawards.core77.com/judging-alumni5802.html?sort_by=2&category_id=0&competition_id=9&page_number=2,"He now leads all design at Secretlab, heading the development of the award-winning Secretlab TITAN Evo, MAGNUS desks, monitor arms, and more. Looking to the"
https://www.gamesradar.com/best-gaming-chair/,"As the improved version of the 2020 model, the Secretlab Titan Evo 2022 is an extremely popular gaming chair. It's stylish, sturdy, and takes a firmer approach to comfort. Newer models that launched more recently allow you to opt for a NanoGen version which makes the Titan Evo a bit more plush, or the cheaper Lite model which brings the price down.

✅ You're tall as a mountain or need a booster seat. There are generous size offerings to suit everyone here. [...] For most people sitting at a desk or in a gaming room, you won't need more than this.

Comfort | ★★★
Ergonomics | ★★★
Lumbar | ★★★
Sturdiness | ★★★★
Manouverability | ★★★
Arm rests | ★★★★
Assembly | ★★★★
Comfort

★★★

Ergonomics

★★★

Lumbar

★★★

Sturdiness

★★★★

Manouverability

★★★

Arm rests

★★★★

Assembly

★★★★

The best secretlab gaming chair

3. Secretlab Titan Evo

Our expert review:

Specifications

Reasons to buy

Reasons to avoid [...] Don't forget as well that Secretlab has a lot of add-ons to help you make your chair more ""you"". There's the new Secretlab Recliner Add-on, as well as lumbar cushions and armrest tops. If you're willing to invest in these things, they can give you yet more sitting options.

Performance: Still in regular use around the GamesRadar+ offices today, there's much to say for the Titan Evo 2022's durability, because years after assembly, you still won't hear a squeak or creak out of it."
https://topgamingchair.com/secretlab-titan-evo-series-2022-vs-titan-2020/,"The 2022 Secretlab Titan EVO offers a firmer, wider seat than the 2020 model, plus adjustable lumbar support height. Notable upgrades include Neo Hybrid"
https://www.facebook.com/Secretlab/posts/2708032436146706/,We will be sure to share this with our product and design teams for future product considerations! ... Secretlab SKINS Lite for TITAN Evo MS-06
https://linktr.ee/secretlab,Secretlab SKINS. World's first premium chair sleeves1 Product. Secretlab TITAN Evo Lite. Award-winning comfort at a lighter price1 Product. Secretlab Footrests.
https://www.facebook.com/photo.php?fbid=3025911467692133&id=1533545236928771&set=a.1580030638946897,"The brand new contoured waterfall edge on the Secretlab TITAN Evo 2022 is shaped for improved comfort and more space, reducing the pressure"
https://blog.secretlab.co/stories/7-tips-secretlab-gaming-chair/,"With new features and peripherals to complement your setup, the Secretlab TITAN Evo delivers a new level of personalized ergonomic support."
https://www.sockratescustom.com/uk/blog/unique-employee-gift-ideas,"... Secretlab's Titan Evo 2022 offer a combination of comfort, support, and durability, suitable for long hours of use. . Affordable options like Ikea's Markus"
https://www.pcgamer.com/hardware/live/news/tech-gift-for-pc-gamer-black-friday-deals/,"To combat that Secretlab has released the Titan Evo Lite, a chair coming in at the same original price as the Titan Evo. It's got the same"
https://www.gamespot.com/articles/best-gaming-chair/1100-6486393/,"Best Overall Gaming Chair · Secretlab Titan Evo 2022 Series · Secretlab NEO Hybrid Leatherette, SoftWeave Plus Fabric, or Secretlab NAPA Leather"
https://secretlabchairs.com.au/collections/accessories,"Meet the smallest member of the Secretlab family.

Refresh your chair
The world’s first premium gaming chair sleeves for the Secretlab TITAN Evo Series

Learn More 
Shop Now

The world’s first premium gaming chair sleeves for the Secretlab TITAN Evo Series

Secretlab Casters

Personalize your maneuverability and heighten your performance.Go even further with the caster of your choice.

Secretlab Ergonomic Footrests and Recliner Add-on [...] All Accessories

Secretlab PlushCell™ Memory Foam Armrest Top

Our in-house engineers tested and refined every last detail of PlushCell™ to produce the perfect blend of 100% high-density visco-elastic foam for every application.

Secretlab Lumbar Pillow Pro

Cooling gel-infused PlushCell™ memory foam for enhanced thermoregulation.

Secretlab × League of Legends

Runeterra’s cutest come together in the Secretlab League of Legends Lumbar Pillow Collection.

SecretlabTITAN Extra Extra Small [...] Join our mailing list for the latest offers and product releases!

Copyright © 2015 – 2025 Secretlab. All rights reserved. Secretlab™ is a registered trademark of Secretlab SG Pte Ltd"
https://www.hardwarezone.com.sg/product-razer-iskur-v2,"Rather than allowing users (or me, at least) to achieve a simple and intuitive comfort (like Secretlab's really good Titan Evo Lite), you have"
https://secretlab.co/collections/accessories?collection=chair-addons,Secretlab PlushCell™ Memory Foam Armrest Top. with CloudSwap™ Technology for Secretlab TITAN Evo.
https://www.dtcetc.com/brand/secretlab-us,"customer ratings. [...] that reflects their personal values and identity. [...] collaboratively with the interiors of Soho Houses, drawing inspiration from the surrounding areas, creative communities, and history of each location."
https://www.pcmag.com/picks/the-best-gaming-chairs,"Why We Picked It
Cooler Master has proven it can make an excellent gaming chair, rivaling our long-standing top picks from Secretlab. The Caliber X2 is Cooler Master's newest and best model, with soft faux leather and solid, dense foam padding. It doesn't have the clever mechanical features found in the Secretlab Titan EVO (like the internal dial-adjustable lumbar support or magnetic head pillow), but its sliding lumbar cushion works just as well, and the chair costs significantly less money. [...] Why We Picked It
The Fractal Design Refine is a minimalist gaming chair that punches well above its price range. It features incredibly clever design elements, and is very comfortable, partly thanks to an adjustable lumbar support similar to the more conventional Secretlab Titan EVO. It doesn't have quite the extensive and obsessive ergonomic engineering of Herman Miller's Embody or Vantum, but it's a better buy at half the price.
Who It's For [...] Best Overall
Cooler Master Caliber X2
Jump To Details
$312.49 at Amazon $337.20 Save $24.71 See It

Most Affordable Herman Miller Chair
Herman Miller X Logitech G Vantum
Jump To Details
$895.00 at Herman Miller Gaming See It

Best Customizable Gaming Chair
Secretlab Titan Evo (2022 Series)
Jump To Details
$549.00 at Secretlab See It

Best Herman Miller Alternative
Fractal Design Refine
Jump To Details
$549.99 at B&H Photo Video See It"
https://www.polygon.com/what-to-buy/23885770/best-gaming-chairs,"regular sizes start at $519, while the large runs a little higher at $569. The Titan Evo Lite compromises some of its features (including some sizing options), but is still a good deal at $449, in case the Titan Evo is just a bit too pricey. [...] section.It features 4D armrests, which is Secretlab’s fancy way of saying you can move them up, down, in, and out to find the optimal cozy point for your arms. This chair does away with straps for securing the neck support cushion, using a magnetic attachment instead. That’s a blessing and a curse, depending on the moment. The magnetic pillow is easier to position, but it’s also easier to accidentally nudge off.You can also swap the look and feel of the Titan Evo with different armrests, [...] The Secretlab Titan Evo is the best all-around gaming chair you can buy because of its great build materials, design, personalization options, and, of course, comfort.Secretlab implemented one of the best approaches to lumbar support we’ve seen in a gaming chair at this price point. The small bulge at the bottom of the Titan Evo’s backrest can be adjusted with a twist of the knob on its side, making the support more prominent, or less. You can even adjust the height of the lumbar support"
https://secretlab.co/pages/about-us,"Award-winning comfort. At a new, lighter price. The Secretlab TITAN Evo Lite has all the essential functions of our flagship TITAN Evo, bringing the core Secretlab experience to even more people. With the same ergonomic design profile as TITAN Evo, it continues to deliver long hours of sitting comfort.

Oct 2024

Secretlab TITAN Evo NanoGen™ Edition [...] The world’s first premium chair sleeves. Designed just for the Secretlab TITAN Evo Series. Adapted from the same soft, breathable fabric as our SoftWeave™ Plus chairs, Secretlab SKINS give your TITAN Evo a brand new look in 3 minutes. Discover a world of limitless customization.

Jan 2024

Secretlab TITAN Evo Lite [...] Expansion into markets like Australia call for an even larger chair. Just like its namesake, the TITAN towered over the competition, boasting built-in, adjustable lumbar support and a leveled seat base for sitting cross-legged.

Nov 2017

Secretlab expands to North America and Europe

The start of our journey toward becoming the global leader in gaming seats. We open up sales of the OMEGA and TITAN in the US, Canada, and select European Union territories.

Jan 2018

Secretlab 2018 Series"
https://www.gamesradar.com/hardware/chairs/dune-awakening-will-launch-with-full-razer-sensa-hd-haptics/,"... Secretlab Titan Evo Lite on a purple background, next to a Best Deal stamp. Secretlab's most affordable chair is back to its cheapest-ever"
https://www.wepc.com/reviews/secretlab-plushcell-armrests/,The Plushcell armrests are the first in a line of armrest upgrades for the Secretlab Titan Evo 2022 Series gaming chair. When that chair was
https://amazingarchitecture.com/articles/simple-interior-design-ideas-to-craft-the-perfect-gaming-room,Whilst a PC player who tends to enjoy playing games like slots online will need to invest in a high-quality desk chair like the Secretlab Titan Evo. This
https://www.tomsguide.com/gaming/gaming-peripherals/secretlab-titan-nanogen-review,"The Secretlab Titan Evo NanoGen combines everything that already worked in the original Titan Evo with one of the most comfortable seats on any gaming chair available, skyrocketing it to the top of the list of easy-to-recommend seating options.

Pros

Excellent build quality

Impressive 4D lumbar support

Most comfy seat cushion around

Comes with PlushCell armrest tops

Cons

Minimalist colorways may be polarizing

Why you can trust Tom's Guide [...] Billy Givens is a journalist with nearly two decades of experience in editing and writing across a wide variety of topics. He focuses particularly on games coverage for Tom's Guide and other sites including From Gamers Magazine, Retroware, Game Rant and TechRaptor. He's also written for self-improvement sites such as Lifehack and produced in-depth analyses on subjects such as health, psychology and entertainment. [...] In terms of comfort, the seat cushion features Secretlab's new NanoFoam Composite. While the press release they sent me went into a whole lot of details regarding the science of how it was made and how it works, I'd like to believe that the average consumer just wants to know if it's comfy. Well, the answer this time around is unequivocally yes — it's probably the most comfortable seat on the market today."
https://consumerrating.org/gaming-chairs/reviews/secretlab-titan-evo/,Secretlab certainly doesn't cut corners when it comes to the construction of their industry-leading chairs. The TITAN Evo features ample space and ergonomic
https://secretlab.co/pages/redeem,Only Secretlab TITAN Evo / Secretlab TITAN Evo Lite / Secretlab Classics chairs fulfilled within one year of the application for warranty extension will qualify
https://www.tiktok.com/discover/secret-labs-titan-fabric-chair,"Every Secretlab TITAN Evo comes with a magnetic memory foam head pillow, so you never have to fumble with straps. An integrated 4-way lumbar"
https://www.tiktok.com/@secretlab/video/7411121625262853392,Lindsey Migliore chooses the Secretlab TITAN Evo to support her overall comfort and sitting health. She works closely with our engineers on
https://www.tiktok.com/@secretlab/video/7350967859411029255,"Experience ultimate comfort and support with the Secretlab TITAN Evo chair, designed to adapt to your every movement and posture effortlessly."
https://www.tiktok.com/@secretlab/video/7428896662405270791,Say goodbye to a bad back — and bad chairs. Upgrade your setup with the tried-and-tested Secretlab TITAN Evo NanoGen™ Edition and Secretlab
https://www.hyundaiquangngai3s.com/?e=1244346902353,Product SKU: 53364909223. Qty. Add to cart. Add to Wishlist ... Idea Nuova Disney Pixar Cars Themed ... Secretlab Titan Evo Arctic White Gaming Chair
https://www.inkl.com/topics/secretlab,"The Secretlab TITAN Evo NanoGen Edition chair takes the award-winning TITAN Evo (2022) and refines it, and it makes a great case for being the absolute best."
https://www.ubuy.com.pk/en/product/IJRU2Y03G-secretlab-titan-evo-lite-in-stealth-prime-20-leatherette-gaming-chair-reclining-ergonomic-and-heavy-duty-computer-chair-with-4d-armrests-and-lumba?srsltid=AfmBOoojgzq7A0nT2RbEeMqpVxsz4OwbFPlfT3w3e2yKHycV-vc5IWZf,"The Secretlab Titan Evo Lite in Black Prime 2.0 Leatherette Gaming Chair has received an overwhelmingly positive customer response. One customer, who spends"
https://blog.secretlab.co/stories/tag/secretlab/,10 accessories to spruce up your Secretlab setup · 5 Inspiring Setups For The Most Popular Interior Styles · 9 ergonomic tips to improve all your different
https://www.buzzfeed.com/jenae_sitzes/best-gaming-chair,"The Secretlab Titan Evo if you're ready to go all-in on a premium chair designed specifically for comfort while gaming, from the four-way"
https://secretlab.co/pages/chair-token-scan,Get the most out of your TITAN Evo ... Movement is crucial to relieving the stress that builds up over long hours of sitting. Our proprietary pebble seat base is
https://secretlab.co/pages/white-collection,"Blending minimalist looks with maximum comfort, the Secretlab TITAN Evo NanoGen™ Edition in Pure White perfectly fuses cloud-like softness and all-day support."
https://www.tiktok.com/@secretlab/video/7350968851233803528,"Designed for peak performance and comfort, this ergonomic chair features research-backed ergonomics, cold-cure foam, pebble seat base, and"
https://secretlab.eu/collections/accessories?srsltid=AfmBOoqS5P7DOFUDlJaYwzHyjUmbt5O4_9caJiXiolvUhbVBZaFYVxfd,"Ergonomic gaming chair with a dark fabric finish, featuring 'Secretlab' and 'Titan Evo' branding in blue. It has adjustable armrests and a sleek design."
https://www.tiktok.com/@secretlab/video/7397763342170852624,Say goodbye to a bad back — and bad chairs. Upgrade your setup with the tried-and-tested Secretlab TITAN Evo NanoGen™ Edition and Secretlab
https://www.pcgamesn.com/best-gaming-chair,Best gaming chair 2025 ; 1. Secretlab Titan Evo – best overall ; 2. Fractal Design Refine – all-day comfort and style ; 3. Corsair TC100 Relaxed –
https://topgamingchair.com/ultimate-buyers-guide/,"The Titan EVO 2022 Series ensures the longevity of the product with its durable metal frame and 5-wheel base, which are robust enough to withstand rigorous usage by gamers. The chair’s impeccable build quality reminds us of a tank, and its striking stitching and logo add a dash of style to the whole ensemble. This robustness and stylish appeal are crucial reasons why the Secretlab Titan EVO 2022 is our Best Overall winner. [...] Secretlab Titan EVO 2022

The Secretlab Titan Evo 2022 is the latest gaming chair in the renowned Titan Evo series, known for its impeccable build quality, comfort, and ergonomic design.

Important Facts: [...] However, if a gaming aesthetic, advanced comfort, and a more budget-friendly price are your priorities, the Secretlab Titan is an exemplary choice, offering a fantastic gaming experience and sturdy build quality. For a detailed review and further insights on these two models, refer to our comprehensive comparison here."
https://www.tiktok.com/discover/secret-labs-titan-evo-xl-review,Say goodbye to a bad back — and bad chairs. Upgrade your setup with the tried-and-tested Secretlab TITAN Evo NanoGen™ Edition and Secretlab
https://secretlab.co/pages/dota2,"SECRETLAB x DOTA 2

Dominate your lane with the Secretlab TITAN Evo Dota 2 Edition chair, engineered for pro-grade support as you push into your opponent’s base and destroy their Ancient.

SECRETLAB TITAN EVO

Gaming Chairs

Dota 2 Edition

Upholstered in Secretlab NEO™ Hybrid Leatherette Available in sizes Small, Regular and XL

Features [...] The International 11 Edition

Secretlab

The International 10 Edition

Secretlab

The International 9 Edition

SECRETLAB Memory Foam Lumbar Pillow

Dota 2 Collection

Defend your Ancient with support as fearsome as they are adorable. With Puck, Tidehunter, Snapfire, or Roshan by your side, nothing will stand in your way.

Secretlab x Dota 2

Join our mailing list for the latest offers and product releases! [...] Copyright © 2015 – 2025 Secretlab. All rights reserved. Secretlab™ is a registered trademark of Secretlab SG Pte Ltd"
https://www.cnet.com/tech/gaming/secretlab-titan-evo-2022-gaming-chair-review-it-just-keeps-getting-better/,The Titan Evo 2022 is a comfortable chair with a firm feel. The seat base is wide for larger users and those who like to cross their legs.
https://www.tiktok.com/@secretlab/video/7473012875796172039,"Pure, unadulterated white. With a buttery-soft feel wrapped up in a subtle brilliance, the Secretlab TITAN Evo NanoGen™ Edition Pure White"
https://www.ebay.com/itm/235417541048,s***e (139)- Feedback left by buyer. Past month. Verified purchase. Product was exactly as described. The Calm Bolster Pillow Textured Gray Cover 24” X 10
https://gamerant.com/secretlab-vs-dxracer-gaming-chair-best/,"Even without considering the pricey add-ons, Secretlab’s upholstery options are available in more colors and designs than any of the chairs from DXRacer.

Value

Secretlab TITAN Evo Lite Gaming Chair

Designed for exceptional comfort over long hours of sitting, the Secretlab TITAN Evo Lite combines the
most essential features of the TITAN Evo with serious value. It brings the pro-grade performance that Secretlab is known for at a more accessible price.

DXRacer Drifting Series Gaming Chair [...] If it weren't for the new Titan Evo Lite, Secretlab wouldn't have a chair in the same price bracket as the Drifting Series. As a downsized version of the Titan Evo, the Lite sacrifices some ergonomic features like adjustable integrated lumbar support, but other qualities, including 4D armrests, explain its $450 price tag. [...] The DXRacer Craft Series represents the styling and comfort that made the company's racing-style seats so popular in the gaming world. A wide and well-padded seat base ensures gamers remain supported without feeling cramped during long gaming sessions. Recent Craft chairs also boast several improvements, including an easily adjustable magnetic headrest similar to the pillow found on the Secretlab Titan Evo. However, the suggested height and weight ranges on the Craft are somewhat limiting, even"
https://www.yugatech.com/accessories/secretlab-titan-evo-2022-series-monster-hunter-edition-review/,"The company says it is their most technologically advanced chair to date, combining the best aspects of the Secretlab OMEGA and TITAN. In"
https://techguided.com/secretlab-titan-review/,"The bottom line is that, from my experience, I am happy to recommend a Secretlab chair to anyone who is in the market for a new gaming chair."
https://www.amazon.com/Secretlab-Titan-NanoGen-White-Gaming/dp/B0DPG4TRXW,Secretlab NanoFoam Composite: Proprietary multi-layer foam composite that combines the supportive foundation of our medium-firm cold-cure foam with a soft-cushion microfoam top -- for the perfect balance of cushioning and support.
https://www.reddit.com/r/secretlab/comments/uliuca/tips_on_adjusting_the_titan_evo_2022_lumbar/,Try pressing the backrest until you find the lumbar meshing. Then press into it with a bit of force at various points across the mesh.
https://www.polygon.com/sales-guide/524188/secretlab-gaming-chair-desk-presidents-day-deal,"One of our favorite gaming chairs, the Secretlab Titan Evo, is currently on sale for just $519 (was $639) through Feb. 17 as part of the Secretlab Presidents"
https://www.tomshardware.com/reviews/secretlab-titan-softweave-gaming-chair-review,"I liked it best at the middle setting, where I felt my shoulders were ultimately lifted and my posture improved. SecretLab Titan Chair. (Image"
https://www.tiktok.com/@justinbieshaar/video/7450559348822101270,"But, although this chair is very comfortable to me, it might not suit everyone's preferences. Some of you have said that the Secretlab TITAN"
https://thebpo.net/?t=460776312,"Gaming Chairs Secretlab TITAN Evo Secretlab US clearance, Secretlab TITAN 2020 Gaming Chair Secretlab US clearance, Secretlab Titan Evo Arctic White Gaming"
https://www.tiktok.com/@justinbieshaar/video/7442437517309136150,"The Secretlab TITAN Evo NanoGen™ Edition in pure black (don't worry, there's also a pure white edition ) And it's arguably their softest and"
https://fundacjauj.pl/?f=468045212,Secretlab Omega SoftWeave Gaming Chair Review PCMag · 9 Best Chairs for Live Streamers Restream Blog · Secretlab TITAN Evo Dota 2 Gaming Chair Reclining Ergonomic
https://basic-tutorials.com/reviews/peripherals/secretlab-titan-evo-2022/,"In our case, the gaming chair is made of supple faux leather, which in the “Royal” color variant comes in a glossy, light blue look complete"
https://www.tiktok.com/@t_jack10/video/7385604153298521374,"Super loud, got your back. Physically. Uh, very, very good chair. I've been using secret lab chairs for the longest time ever. It is very, very"
http://handknottedorientalrug.com/titan-series.html,Secret Lab Titan Evo 2022 Series Gaming Chair ... This is my first SecretLab gaming chair and I'm very impressed. The ordering was very easy and the chair arrived
https://secretlabchairs.com.au/pages/paypal,"As we spend so much of our lives seated, the earlier you improve your seating experience, the better off you'll be in the long run. That's why we're giving you"
https://www.quora.com/Are-SecretLab-gaming-chairs-good,Gaming chairs provide back and head support via the lumbar pillows or the foam design that is included with the chair. They also improve the
https://www.lemon8-app.com/@milkyeggie/7341993935666938370?region=sg,chair - the secretlab titan evo soda purple edition in XL. what's the easiest way to get a free secretlab chair? just work for them LOL
https://device.report/manual/12308268,... light sheet is an incredible lighting tool that offers design flexibility and easy installations. ... secretlab titan evo lite assembly guide assets co |||
https://gamerant.com/best-black-friday-secretlab-gaming-chair-deals/,Secretlab is a Singaporean furniture company that specializes in gaming chairs. The startup was established in 2014 and has quickly developed into a hugely
https://www.u-buy.com.tw/en/product/IJIDGW7QG-secretlab-titan-evo-lite-in-black-prime-2-0-leatherette-gaming-chair-reclining-ergonomic-heavy-duty-computer-chair-with-4d-armrests?srsltid=AfmBOoopUQLG_TcP2kEHfyXfW4u3LPK8V-htj-aZEacxRPiR8wVkmkXj,"The Secretlab Titan Evo Lite features 4D armrests and ergonomic design for tailored support, ensuring maximum comfort during long gaming sessions. Heavy"
https://www.ubuy.hr/en/product/IJHT3GKJ8-titan-evo-lite-in-black3-prime-softweave-gaming-chair-reclining-ergonomic-heavy-duty-computer-chair-with-4d-armrests-lumbar-support,"Designed with your posture in mind, the Titan Evo Lite features adjustable lumbar support and a reclining mechanism, promoting healthy sitting habits during"
https://www.u-buy.com.ng/product/IJRT28B9K-secretlab-titan-evo-lite-in-black3-prime-softweave-gaming-chair-reclining-ergonomic-heavy-duty-computer-chair-with-4d-armrests-lumbar?srsltid=AfmBOooDmwbpfPgtaTCTxtIcd5JS4m-gxG-dzq-A4otFzoQ0fgo7m2i2,"Features & Benefits · Varies by model · PRIME 2.0 Leatherette, NEO Hybrid Leatherette, SoftWeave Fabric, SoftWeave Plus Fabric · Magnetic Head Pillow Compatible,"
https://www.gamesradar.com/secretlab-finally-has-a-new-gaming-chair-and-its-a-bit-lighter-on-your-wallet/,"The Secretlab Titan Evo Lite is a more wallet-friendly version of the Titan Evo from 2022, but it'd be basically impossible to tell the two models apart."
https://www.instagram.com/anyonebiz1/p/DBwxJ1Ts6d7/,Key Features: Ergonomic design with patent-pending cold-cure foam. Integrated lumbar support for reduced back pain. Premium upholstery options: PRIME 2.0
https://secretlab.eu/pages/faq?srsltid=AfmBOorJdd7u9zzb5S6aMtTZh8rHgmJJC5ThVweX020VRqdUc7f_mywC,"TITAN Evo Lite packs the most essential functions of our flagship TITAN Evo. With the same proprietary pebble seat base and patent-pending cold-cure foam for long hours of sitting comfort, it delivers the award-winning Secretlab experience — at a more accessible price.

Check out our comparison page for a complete feature breakdown.

The weight limits for the Secretlab TITAN Evo and TITAN Evo Lite are found below:

Secretlab TITAN Evo

Secretlab TITAN Evo Lite [...] The gentle side wings on our full-length backrest also follow the natural horizontal curve of your shoulders. This allows for optimal support throughout the day — without ever restricting you to a single posture.

Learn more about how we design for ergonomic comfort.

The Secretlab TITAN Evo and TITAN Evo Lite share the same sizing dimensions. The flagship TITAN Evo is available in three sizes — Small, Regular and XL. The TITAN Evo Lite is available in Regular and XL, our most popular sizes. [...] We're here to help.

Popular Questions

The Secretlab TITAN Evo and TITAN Evo Lite share the same sizing dimensions. The flagship TITAN Evo is available in three sizes — Small, Regular and XL. The TITAN Evo Lite is available in Regular and XL, our most popular sizes."
https://www.facebook.com/marketplace/item/679304657975539/,Incredibly comfortable. Features -Patent-pending cold-cure foam for even pressure distribution and responsive support throughout the day. -Advanced ergonomic
https://www.dailydak.pk/?d=206107622,Gaming Chair Features Secretlab TITAN Evo Lite Secretlab EU. Ergohuman G1 vs G Enhancing the comfortable office chair. New Aeron Lite Plus B siz. Share
https://vocal.media/geeks/amazon-must-have-tech-lk98f093g,The Secretlab Titan Evo Lite brings the luxurious feel of premium materials and ergonomic support to any setup. Its Black Prime 2.0 Leatherette fabric combines
https://chairsfx.com/gaming-chair-news/titan-evo-lite-chair-release/,"The original Titan Evo has a superb height x depth-adjustable integrated lumbar support system. It's precise, easy to use, and comfortable. On"
https://www.tiktok.com/@fabianzelayahn/video/7374955791956053290,... Features: * 3D Surrounding Illumination: Even lighting across ... Secretlab TITAN Evo. Elevate your gaming or workspace with something
https://secretlabchairs.com.au/,Slip on. Slot in. Zip up. Switching up the look of your TITAN Evo is that easy. ... Back view of a Secretlab TITAN Evo gaming chair with a light purple fabric
https://mikeshouts.com/secretlab-titan-evo-lite-gaming-chair/,"The chair also boasts the same multi-tilt mechanism, 165° recline, high-durability carbon structural steel frame, PU casters, and anti-"
https://agenda.tortosa.cat/?a=206107622,"Experience unparalleled comfort and productivity with its ergonomic design Instagram shop, Gaming Chair Features Secretlab TITAN Evo Lite Secretlab EU shop"
https://www.t3.com/features/best-gaming-chair,"The result is that the SecretLab Titan Evo builds upon the packages offered by the Titan and the Omega, offering gamers a similar but better experience across the board. After testing the Evo we say that the caveats to an instant purchase include its price, which has gone up a bit from last year's models, as too its design, which only comes in one flavour, so if you don't like it then that's that. You can though buy the chair in three different sizes, so even the smallest or largest gamers will [...] This gaming chair from SecretLab follows up the SecretLab Titan SoftWeave gaming chair that was so well reviewed. As such, the Titan Evo had a tough act to follow, but as we detail in our full SecretLab Titan Evo review, which was conducted by T3's gaming chair expert Robert Jones, somehow SecretLab has made the best gaming chair on the market even better. That's high praise from a reviewer who has spent going on half a decade reviewing the finest gaming chairs. [...] Read more below

Best overall



The best gaming chair for most people? That's the SecretLab Titan Evo, pictured here on review by T3's gaming chair expert and former Deputy Editor Robert Jones.

1. SecretLab Titan Evo

Our expert review:

Specifications

Reasons to buy

Reasons to avoid"
https://www.tiktok.com/@secretlab/video/7432293996866604306,"Rejector weakness system - MoppySound. 4043Likes. 164Comments. 972 ... Now available for Secretlab SKINS Lite, starting at US$99. Link in"
https://www.aumentoapps.com/?c=926354902585,"Gaming Chairs Secretlab TITAN Evo Secretlab AU. Secret labs dva chair. Details ... features a cute pink retail, Secretlab Capture every objective with"
https://www.amazon.com/Secretlab-Titan-Artic-White-Gaming/dp/B0B3RLHR5Q,"ADJUSTABLE GAMER CHAIR THAT ADAPTS TO YOU - Full-metal 4D armrests for smooth, precise adjustments in four directions with world's first replaceable armrest top, full-length backrest with 165° recline and multi-tilt mechanism to give you full control of your chair's position, a 4-way built-in adjustable lumbar support gives your back the personalized support it needs."
https://secretlab.co.uk/pages/compare,"An ergonomic black gaming chair with adjustable armrests and a high backrest. The chair features red stitching accents, the Secretlab logo and branding in gold."
https://www.reddit.com/r/secretlab/comments/r3upfm/read_me_before_buying_an_titan_evo_2022seat/,"The Secretlab Titan Evo 2022 seat was NOT comfortable for me (5'10"", 155lb, not alot in the glutes dept). It felt like a wooden bench with a ridge running down"
https://www.dekonta.ba/?d=202756222,Secretlab tilt best sale. Gaming Chair Features Secretlab TITAN Evo Secretlab SG. Secretlab Omega review The first and last chair you ll ever need HardwareZone.
https://www.amazon.com/Secretlab-Titan-2022-Gaming-Chair/dp/B0BCHVHLHP,"Secretlab Titan Evo Dota 2 Gaming Chair - Ergonomic & Heavy Duty Computer Chair with 4D Armrests, Magnetic Head Pillow & Lumbar Support - Big and Tall 395 lbs -"
https://www.tiktok.com/discover/secret-lab-chair-squeak,"Built on years of research into the properties of different leatherettes and foam, the Secretlab TITAN Evo NanoGen™ Edition is our softest and most supportive"
https://gamerant.com/secretlab-vs-herman-miller-gaming-chairs/,"Neither Secretlab nor Herman Miller has distinct advantages when it comes to ergonomic adjustments. Although gamers can't change the Titan Evo's seat depth,"
https://www.yahoo.com/tech/razer-freyja-100000315.html,"It's thin enough to feel any integrated lumbar support systems, like the ones included with the Razer Iskur V2 or the Secretlab Titan Evo."
https://www.promfoto.rs/?p=201210922,"The Secretlab TITAN Evo 2022 is designed with ... Lite Secretlab EU outlet ... Secretlab Blog outlet, How to improve posture 9 ergonomic tips for better"
https://www.aliexpress.com/w/wholesale-gaming-chair-recliner.html,"Key ergonomic features include: - Adjustable Lumbar Support: Customizable support for your lower back, ensuring that your spine remains in a healthy position. -"
https://bestgamingchairs.net/,Best Gaming Chairs · Secretlab TITAN Evo Award-Winning Gaming Chairs · Secretlab TITAN Evo Lite Award-Winning Comfort.
https://secretlab.co/pages/magnus-metal-desk,It features thirteen horizontal. US. Loading... Search Suggestions. Secretlab TITAN Evo · Secretlab TITAN Evo Lite · Secretlab SKINS · Secretlab MAGNUS Pro
https://au.pcmag.com/game-controllers-accessories/104101/secretlab-titan-evo-lite,"The SoftWeave fabric version of the Evo Lite we tested uses the original SoftWeave found on previous Secretlab chairs (like the non-EVO Titan), which is pleasantly soft, breathable, and somewhat resistant to stains. The Titan EVO, meanwhile, uses SoftWeave Plus material that the company says is 3.5 times stronger and more breathable. Even if it’s older, the standard SoftWeave on the Titan EVO Lite still feels nice to the touch, and has held up well to claw tests from my cat Pixel (a test I’ve [...] Speaking of faux leather, the Titan EVO Lite uses Secretlab’s Prime 2.0 PU leather. Again, that’s the same as pre-EVO Titan chairs, and we know from our review of the Titan XL that it feels thick, supple, and sturdy. The Titan EVO uses the company’s NEO hybrid leatherette, which Secretlab says is 12 times more durable. Both materials are higher quality than the faux leather on most other gaming chairs we’ve tested, and it would be hard to tell much of a difference between them without having [...] The armrests are closer to the pre-EVO Secretlab chairs than the current models, another measure to keep the Titan EVO Lite's price relatively low. They’re firm black foam armrests with 4D adjustments that let you move them up, down, left, right, forward, or backward, and rotate them between three yaw positions. They lack the Titan EVO's magnetic CloudSwap mounts, so you can’t swap them for other colors or materials. Still, they don’t feel cheap or like a significant compromise."
https://www.reddit.com/r/secretlab/comments/19ej3z8/faq_secretlab_titan_evo_lite/,"The Secretlab TITAN Evo Lite comes with a fixed lumbar support system, precisely sculpted based on the study of the measurements and proportions"
https://www.amazon.in/Secretlab-Titan-Black-Leatherette-Gaming/dp/B0CR6FF1KS,Secretlab Titan Evo Lite in Black Prime 2.0 Leatherette Gaming Chair - Reclining - Ergonomic & Heavy Duty Computer Chair with 4D Armrests & Lumbar Support
https://www.pcgamesn.com/secretlab/new-titan-evo-lite-budget-gaming-chair,"The Secretlab Titan Evo Lite strips away some premium features, but still offers luxury comfort at a base cost 20% lower than the Titan Evo."
https://pcpartpicker.com/product/PRP8TW/placeholder,Secretlab Titan Evo Lite in Cookies & Cream SoftWeave Gaming Chair - Reclining - Ergonomic & Heavy Duty Computer Chair with 4D Armrests & Lumbar Support
https://www.facebook.com/photo.php?fbid=1010177934483202&id=100064730136367&set=a.664720745695591,"Shaped by years of studying how you sit, Secretlab TITAN Evo is purposefully sculpted for targeted ergonomic support in all the right places. A"
https://secretlab.co/products/magnus-pro,It features thirteen horizontal. US. Loading... Search Suggestions. Secretlab TITAN Evo · Secretlab TITAN Evo Lite ... Secretlab MAGNUS Pro Desks Customer Reviews
https://www.dexerto.com/tech/secretlab-finally-reveals-cheaper-titan-evo-chair-but-its-missing-big-features-2495287/,"Secretlab has revealed the Titan Evo Lite, a cheaper alternative to their flagship model, but it's missing some of the lineups biggest features."
https://device.report/manual/12461442,GEN2 SPECIFICATION SHEET Specifications ... maxxflo evo lite technical specification guide ... secretlab titan evo lite assembly guide assets co |||
https://m.facebook.com/story.php?story_fbid=1010177971149865&id=100064730136367,Set the tone with BLACK³. The Secretlab TITAN Evo Lite in BLACK³ SoftWeave® Plus Fabric combines three unique shades of black to add rich texture and depth to
https://www.inkl.com/news/the-new-titan-evo-lite-is-a-budget-gaming-chair-that-packs-a-ton-of-premium-features,"The key differences appear to come in the lumbar support, where the Secretlab Titan Evo Lite uses an integrated lumbar curve as opposed to the"
https://www.xda-developers.com/secretlab-titan-evo-lite-chair/,"In a press release, Secretlab revealed its new range of Titan Evo Lite chairs. These carry on the same designs as the Titan Evo range, but it cuts down on the costs. Secretlab claims that these new chairs are ""about 20% cheaper than [Titan Evo chairs] while delivering 95% of the same premium experience."" The Titan Evo Lite chairs can come in either leatherette or SoftWeave, and each one has a few colors you can pick from. They're designed to be comfy for all manners of lifestyle, whether you're [...] XDA

Secretlab's new TITAN Evo Lite chair range makes gaming comfort more affordable

Summary

Gaming chairs are a staple for any gamer's battle station, but they can be a little on the pricey side. Fortunately, there are plenty of companies out there that strive to make cheap gaming chairs that are still high-quality. Now, Secretlab has revealed its own range of affordable gaming chairs, which, while being a lot cheaper than its sister products, doesn't skimp on quality. [...] The Titan Evo Lite comes in both Regular and XL sizes, and the dimensions for each size mirror the Titan Evo's own. Compared to the Titan Evo, the lite variant skips on the magnetic memory foam head pillow, although you can purchase it separately if you decide you want one later. And while the Titan Evo Lite doesn't use some of the Secretlab's proprietary technology in other areas, it's still designed to last for years without making a dent in your bank account. The chairs will start from"
https://secretlab.co/?view=modal-compare-chair,Secretlab TITAN 2020 Specifications Sheet. Secretlab TITAN Evo Lite Size Regular. Secretlab TITAN XL 2020 Specifications Sheet. Secretlab TITAN Evo Lite Size
https://www.inkl.com/news/the-world-s-best-gaming-chair-now-comes-in-lite-secretlab-debuts-new-titan-evo-with-friendlier-price-tag,"The TITAN Evo Lite boasts broadly the same design as the regular TITAN Evo, and at first glance, they look pretty much identical. It's available"
https://www.sok.info.hu/?s=202037322,"... TITAN Evo Secretlab EU. Chair assembly and specifications Secretlab ... Secretlab EU sales, Gaming Chair Features Secretlab TITAN Evo Lite Secretlab EU sales."
https://www.reddit.com/r/secretlab/comments/1ftjxsk/titan_evo_or_evo_lite_which_should_i_buy/,"The key upgrades to consider on the TITAN Evo are the adjustable lumbar support (which you can fine-tune for your back), swappable armrests."
https://prace.ufop.br/?p=202045722,Secretlab for Work Secretlab EU. Caracteristiques des chaises gaming Secretlab TITAN Evo Secretlab EU. Share ... Chair assembly and specifications Secretlab US
https://agenda.tortosa.cat/?a=203532922,"FAQ Secretlab SKINS Lite r secretlab. Secretlab ... Chair assembly and specifications Secretlab ... TITAN Evo Secretlab MY shop, Gaming Chairs Secretlab TITAN Evo"
https://www.canabec.net/?c=202045722,Secretlab titan installation sales. Secretlab TITAN Series. Gaming Chair Features Secretlab TITAN Evo Lite Secretlab EU. Chaise gaming Secretlab TITAN 2020
https://himalayankitchensandiego.com/?h=202040322,Find similar items here: Secret lab titan chair assembly shop. secret lab titan chair assembly · secretlab register · secretlab titan cover · alternatives to
https://chairsfx.com/brands/secretlab-gaming-chairs/,The Titan Evo 2022 Series is the best Secretlab gaming chair available right now. Its cutting-edge features support top esports teams like Team
https://device.report/secretlab,secretlab titan evo lite assembly guide assets co ||| ... titan-evo-lite to watch our full assembly video. ... secretlab titan evo user manual assets co |||
https://mhreklam.se/?t=997549480818,"Titan evo lite sales secretlab titan back support, Secretlab Titan EVO 2022 Series Review PCMag sales. ... Details: Secretlab Titan Year Review Do the Titan"
https://protransfersdublin.ie/?b=1138670931123,"Secretlab Titan Evo Lite fashion in new, Secretlab Titan Evo new Lite. ... Details: Secretlab Lumbar Pillow Pro and ... Customer Reviews. Be the first to write a"
https://www.linkedin.com/posts/welly-tantono_gaming-chair-features-secretlab-titan-evo-activity-7156185198458556416-863Q,"If you've always wanted to sit better but needed a more entry level chair - this is it. With this chair, you can stop making excuses for that"
https://prace.ufop.br/?p=202035222,"Reprice Secretlab Titan Parts Multi functional Tilt Mechanism. secret lab parts. Share ... Evo Lite Secretlab EU top, Anyone know if ... review Still a"
https://www.instagram.com/p/DIT91VkpKS5/,Save on the Secretlab TITAN Evo and MAGNUS Pro when you shop their Christmas sale. ... Instagram Lite · Threads · Ray-Ban Meta · Contact
https://www.manualslib.com/manual/3463928/Secret-Lab-Magnus.html?page=4,"Secret Lab MAGNUS Manual Online: important safety information, Technical Specifications. This User Manual Contains Important Safety Regulations."
https://chairsfx.com/computing-chair-advice/titan-2022-series-sizing-guide/,"Secretlab Titan Evo 2022 Size Guide For S, M, and XL Chairs ; Titan 2022, Small, Medium ; Size Rating, 4'11” to 5'6″; 285 pounds, 5'7″ to 6'2″;"
https://ajlee.blog/secretlab-ergonomic-recliner-add-on-the-ultimate-comfort-upgrade/,"additional cooling gel layer for enhanced comfort. This variant is priced at $249, while the standard version is available for $199.Size Compatibility: Find the Right Fit for Your ChairThe Secretlab Ergonomic Recliner Add-On is available in two size variants to accommodate different chair models:Small Variant ($199)Compatible with: Secretlab TITAN Evo Size S, OMEGA 2020Regular/XL Variant ($199)Compatible with: Secretlab TITAN Evo Regular and XL, TITAN Evo Lite Regular and XL, TITAN 2020, TITAN [...] Ensures optimal pressure relief and comfort.Compact, Foldable Design – Tucks under the chair when not in use.Toolless Installation in 3 Minutes – Simple, hassle-free setup in four easy steps.Sturdy Build Quality – Supports up to 30kg (66 lbs) with a reinforced steel frame.Founder’s Edition Available – Features an exclusive metal-plated tag and additional cooling gel layer for enhanced comfort.Why You Need the Secretlab Ergonomic Recliner Add-On1. Unlock New Sitting Postures for Maximum [...] and effortless usability, it is a game-changer for comfort and health-conscious individuals. Whether you opt for the standard model ($199) or the Founder’s Edition ($249), this add-on promises to elevate your seating experience—literally!"
https://blog.9cv9.com/the-ultimate-guide-to-ergonomic-furniture-for-work-productivity/,Ergonomic gaming chairs like the Secretlab Titan EVO 2024 provide enhanced lumbar and neck support for extended sessions. For Creative
https://nocache.stg.zinio.com/publications/hwm-singapore/3341/issues/650148,"At a glance, the Titan Evo Lite looks identical to its more expensive predecessor. But key features were removed to keep costs low. These are the 4-way L-ADAPT"
https://www.pcgamer.com/hardware/pc-gamers-highest-rated-hardware-favourites-of-2024-plus-five-dishonorable-mentions/,"TikTok dancers and Twitch streamers alike can agree on one thing: Lighting is everything. This key light offering from Elgato is not only compact, but also packs a whole heck of a lot of Lumens for its size. Absolutely worth the spotlight.

For

Against

91%



There's a lot to be said about questionable looking gamer chairs—but Secretlab's Titan Evo is not part of that conversation. Looking very smart in sleek black Hybrid Leatherette, this is definitely a worthy throne.

For

Against

91% [...] This 16-inch gaming laptop is a thing of beauty. So much so that I want nothing more than to rub my face all over that gorgeous OLED screen and aluminium chassis—though such a premium, shiny outer shell would undoubtedly show the telltale smears of my crimes. Instead, allow me to take a brief tour through the specs that inspire such enthusiasm: it's not just the Nvidia GeForce RTX 4070 GPU, nor the AMD Ryzen AI HX 370 CPU, but the spare NVMe slot that makes this storage sicko's heart sing. As [...] Against

49%



Ah, scratch that redemption arc—looks like we're back here again. MSI, what happened? We were all rooting for you! Alas, the Titan 18 HX A14V is no great improvement over last year's showing from the Titan GT77 HX. Both are noisy, and both offer the disappointing contrast of lacking outward build quality despite highly specced innards. And as for the price tag? Forget about it.

For

Against

50%"
https://www.ubuy.com.se/en/product/7H98EB4P6-secretlab-titan-evo-2022-flash-gaming-chair-reclining-ergonomic-amp-heavy-duty-computer-chair-with-4d-armrests-magnetic-head-pillow?srsltid=AfmBOorPPcV8U6Tcl8ZEoQ1w-hLMSfdM5aQ_chyhoKHis9xfk2ztFWX2,"Secretlab Titan Evo Dark Knight Gaming Chair - Reclining, Ergonomic, Comfortable Computer Chair with 4D Armrests, Headrest & Lumbar Support - Small - Black - Leatherette

KWD 21

Add an additional item worth KWD
                                                        60 to get Free Fast Shipping at
                                                    standard
                                                    shipping price. [...] 24/7 Support

24/7 Customer Support

Get your texts/emails answered in your native language

Download our App

TRUST ENSURED WITH

Ubuy Popular Stores

Copyright © 2025 Ubuy Co.                                All rights reserved. [...] CONGRATULATIONS! You
                                                    are eligible for Free Fast Shipping.

KWD 21



or Split it into 3 payments of KWD
                                                    7.00/month
                                                interest-free Learn more

Bought With Products

Customers who viewed this item also viewed

Stay Connected

QUICK LINKS

UBUY

PAYMENT

SHIPPING

Express ShippingFast Delivery

Standard Shipping10+ Business Days

CITIES COVERED"
https://www.ubuy.md/en/product/7H98EB4P6-secretlab-titan-evo-2022-flash-gaming-chair-reclining-ergonomic-amp-heavy-duty-computer-chair-with-4d-armrests-magnetic-head-pillow,"Secretlab Titan Evo Dark Knight Gaming Chair - Reclining, Ergonomic, Comfortable Computer Chair with 4D Armrests, Headrest & Lumbar Support - Small - Black - Leatherette

KWD 21

Add an additional item worth KWD
                                                        60 to get Free Fast Shipping at
                                                    standard
                                                    shipping price. [...] CONGRATULATIONS! You
                                                    are eligible for Free Fast Shipping.

KWD 21



or Split it into 3 payments of KWD
                                                    7.00/month
                                                interest-free Learn more

Bought With Products

Customers who viewed this item also viewed

Stay Connected

QUICK LINKS

UBUY

PAYMENT

SHIPPING

Express ShippingFast Delivery

Standard Shipping10+ Business Days

CITIES COVERED [...] Other

Download our App

TRUST ENSURED WITH

Ubuy Popular Stores

Copyright © 2025 Ubuy Co.                                All rights reserved."
https://www.ubuy.com.kh/en/product/7H98EB4P6-secretlab-titan-evo-2022-flash-gaming-chair-reclining-ergonomic-amp-heavy-duty-computer-chair-with-4d-armrests-magnetic-head-pillow?srsltid=AfmBOoq3zUOuV89GTAa4yb-AjmkIbq3NXAtb5TsiHORMoxY5vzH8iv8Y,"Secretlab Titan Evo Dark Knight Gaming Chair - Reclining, Ergonomic, Comfortable Computer Chair with 4D Armrests, Headrest & Lumbar Support - Small - Black - Leatherette

KWD 21

Add an additional item worth KWD
                                                        60 to get Free Fast Shipping at
                                                    standard
                                                    shipping price. [...] CONGRATULATIONS! You
                                                    are eligible for Free Fast Shipping.

KWD 21



or Split it into 3 payments of KWD
                                                    7.00/month
                                                interest-free Learn more

Bought With Products

Customers who viewed this item also viewed

Stay Connected

QUICK LINKS

UBUY

PAYMENT

SHIPPING

Express ShippingFast Delivery

Standard Shipping10+ Business Days

CITIES COVERED [...] Other

Download our App

TRUST ENSURED WITH

Ubuy Popular Stores

Copyright © 2025 Ubuy Co.                                All rights reserved."
https://www.u-buy.com.ng/product/7H98EB4P6-secretlab-titan-evo-2022-flash-gaming-chair-reclining-ergonomic-amp-heavy-duty-computer-chair-with-4d-armrests-magnetic-head-pillow?srsltid=AfmBOoqPzMuuD92R4WeGXzqFVGm_mGsqLn5ZIwdFG_dDSn3H1s3xKAcb,"Secretlab Titan Evo Dark Knight Gaming Chair - Reclining, Ergonomic, Comfortable Computer Chair with 4D Armrests, Headrest & Lumbar Support - Small - Black - Leatherette

KWD 21

Add an additional item worth KWD
                                                        60 to get Free Fast Shipping at
                                                    standard
                                                    shipping price. [...] CONGRATULATIONS! You
                                                    are eligible for Free Fast Shipping.

KWD 21



or Split it into 3 payments of KWD
                                                    7.00/month
                                                interest-free Learn more

Bought With Products

Customers who viewed this item also viewed

Stay Connected

QUICK LINKS

UBUY

PAYMENT

SHIPPING

Express ShippingFast Delivery

Standard Shipping10+ Business Days

CITIES COVERED [...] Other

Download our App

TRUST ENSURED WITH

Ubuy Popular Stores

Copyright © 2025 Ubuy Co.                                All rights reserved."
https://sdb-portal.co.za/?s=351915615,Product Description · Product Specifications · Delivery · Returns · Reviews
https://www.ign.com/articles/gigabyte-aorus-fo32u2-pro-review,"Treat your eyes, and your butt

Secretlab Titan Evo series

See more in our guide to the Best Gaming Chairs.

The implementation of APL versus the automatic backlight limiter (ABL) on the FO48U is much better. Like many OLED monitors released around the same time, its ABL would dramatically dim the screen based on how much white it detected. Instead, it strives to keep an average balance, so brightness changes are less noticeable and distracting. [...] It offers very similar specs to the Asus PG32UCDM we reviewed in February: 1,000 nits of peak HDR brightness and 99% coverage of the DCI-P3 color spectrum. Its contrast ratio is technically 1.5M:1, though it may as well be considered infinite at that point. It supports variable refresh rate with AMD FreeSync Premium Pro certification and is compatible with Nvidia G-Sync without any stutters or quirks. It’s also VESA TrueBlack 400 certified, which appears to be leveraged in three of its five HDR [...] Most of these settings are available with Gigabyte’s Control Center Software, so you don’t need to spend time in an OSD. While convenient, it’s missing some gaming features, like Black Equalizer. It also removes any ability to assign hotkeys, which is a major loss for the usability of features like Black Equalizer and the Eagle Eye mode. Though you can tie custom functions to all four directions of its joystick and its tactical switch, no one wants to be reaching around under their monitor in"
https://www.reddit.com/r/Gaming_accessories_/,SecretLab Titan Evo 2022: A popular choice known for its adjustable lumbar support and comfortable padding. Steelcase Leap: Another high-end
https://www.ultimategamechair.com/,"Yes, we know the new EVO series from 2022 combines both the Titan and Omega into a gaming chair that's nothing less than pure art. However, the 2020 Titan still"
https://www.gamesradar.com/best-gaming-desks/,"Performance: It's safe to say that for gaming purposes, the Secretlab Magnus Pro punches pretty hard with stellar usability and performance. Smooth motorized lifts mean you'll be able to raise and lower your entire setup like magic, and eliminating 99% of visible cables really does free up your peripheral vision for those serious competitive moments. The leather topper also means you won't really need to worry about extra mats either, and that's a win when it comes to other projects and things [...] March 28, 2025 - I've expanded this guide's how to choose a gaming desk section to cover office desks also being an option, and I've also checked over each of my recommendations to ensure models are available to buy and are still the top option for their respective category. I'm also lining up new contenders for 2025 that may or may not make the cut!

Best gaming desk

1. Secretlab Magnus Pro

Our expert review:

Specifications

Reasons to buy

Reasons to avoid [...] Read more: Secretlab Magnus Pro review

Value | ★★★★☆
Size | ★★★★★
stability | ★★★★☆
Build-quality | ★★★★★
Features | ★★★★★
Value

★★★★☆

Size

★★★★★

stability

★★★★☆

Build-quality

★★★★★

Features

★★★★★

The best gaming desk for most players

2. FlexiSpot E7 Plus

Our expert review:

Specifications

Reasons to buy

Reasons to avoid"
https://www.tiktok.com/@ogehezeonu/video/7358365778065837317,... secretlab TITAN Evo R #ultrawide #dreamsetup #standingdesk #dualsetup #cozy #homeoffice #setupvibes · original sound - Peterpandev. 150.9KLikes.
https://www.omniapartners.com/suppliers-files/E-J/Insight_Public_Sector_Inc/Contract_Documents/23-6692-03/Insight_Manufacturers__Publishers_and_Suppliers_20250314.pdf,"EVERFOCUS EVERGREEN SYSTEMS INC EVERKI USA INC.
EVERLASTING COMFORT EVERLAW EVERMAP COMPANY LLC EVERMOTION EVERNOTE CORPORATION Evershop EVERSTAR VISION & COMMUNICATION EVERSTRIKE SOFTWARE EVERTEL TECHNOLOGIES LLC EVERTZ EVERYANGLE EVERYONEPRINT A/S EveryoneSocial EVERYTHING BUT STROMBOLI LLC EVERYWHERE NETWORKS CORP EVGA.COM EVIDENCE PARTNERS EVIDIAN EVIEW EVIEW TECHNOLOGY INC EVIEWS EVIWARE EVO PDF SOFTWARE EVOKO EVOLIS INC. [...] LIGHTHOUSE DATA LIGHTING ANALYSTS INC LIGHTMAP LTD LIGHTNING BUG PLUGS LIGHTNING TOOLS LIGHTNINGCHART LTD LIGHTPOINTE LIGHTRONICS LIGHTRUN INC LIGHTSABER LIGHTSAIL LIGHTSPEED POS INC LIGHTSPEED SYSTEMS INC LIGHTSPEED TECHNOLOGIES INC LIGHTSPEED TECHNOLOGIES, INC LIGHTTRANS INTERNATIONAL UG LightUp Lightware North America LIGHTYSOFT LIGOWAVE LIKE MINDS CONSULTING LLC LIKEWISE SOFTWARE LIKNO SOFTWARE LILBIT LILITAB LLC LILLIPUT Limagito LIMELIGHT HEALTH INC LIMILABS Liminex GoGuardian LIMITLESS [...] COMPUTER INFORMATION SYSTEMS INC COMPUTER INFROMATION SYSTEMS INC COMPUTER INSTRUMENTS, INC."
https://quntrobot.com/top-gadgets-every-tech-enthusiast-should-own-in-2024/,"Cutting-edge accessories for smartphones and tablets are paving the way for enhanced usability and functionality. Whether it’s innovative phone cases that offer added protection and features or versatile stylus pens that improve productivity, these accessories are essential for maximizing your devices’ capabilities. [...] Top Gadgets Every Tech Enthusiast Should Own In 2024

Date:

Share:

Essential Gadgets Every Tech Enthusiast Should Own in 2024

As 2024 approaches, the landscape of gadgets continues to evolve. For tech enthusiasts, this year promises exciting advancements that can enhance daily life, productivity, and entertainment. Here are must-have gadgets that you should consider adding to your collection.

Top Gadgets Every Tech Enthusiast Should Own In 2024



Smartphone with Cutting-Edge Features [...] Your smartphone is likely your most personal gadget. In 2024, look for devices that offer:

Check out the latest smartphones on GSMArena for detailed specifications and comparisons.

Noise-Canceling Wireless Earbuds

Whether you’re on a crowded train or trying to focus at work, noise-canceling earbuds are a game changer. Look for features such as:

Brands like Apple AirPods Pro and Bose QuietComfort provide excellent options.

Smart Home Hub"
https://ru.microless.com/en/product/dell-alienware-aurora-r12-intel-core-i7-11700kf-desktop-32gb-ram-2tb-hdd-1tb-ssd-10gb-nvidia-rtx-3080-super-kb-eng-optical-mouse-win10-home-black-aur-alnw-ct02-blkc/,"Dell Alienware Aurora R12, Core i7-11700KF, 32GB RAM, 2TB HDD 1TB SSD, Nvidia GeForce RTX 3080 10GB Graphics, Gaming Desktop, White."
https://manofmany.com/living/furniture/secretlab-titan-evo-review-best-value-gaming-chair,The Secretlab Titan EVO is one of the best gaming chairs on the market and comes without any real faults. Best if you prefer a firmer seat.
https://secretlab.co/pages/teamvitality,"We are really excited to announce our partnership with Secretlab. We believe in the importance of supplying our athletes with the highest quality products to support their health, wellbeing and competitive development. It's also great to collaborate with a brand like Secretlab who can take our branding and create something bespoke and special for not just our athletes, but also the Team Vitality community.

Nicolas Maurer Team Vitality's CEO

SECRETLAB TITAN EVO

Gaming Chairs [...] SECRETLAB TITAN EVO

TEAM VITALITY EDITION

#VforVictory

Upgrade to award-winning comfort powering one of the leading esports clubs in Europe. Designed to usher in a new era of performance, enjoy the same tournament-grade gaming chair supporting some of the biggest names in the European circuit for Counter-Strike 2, VALORANT, and League of Legends.

Awards and Achievements

Champions

Intel Extreme Masters Katowice2025

Champions

VCT EMEA Kickoff2025

Champions [...] an international stage — ready to make history in Europe, and beyond."
http://www.msn.com/en-us/lifestyle/shopping/secretlab-black-friday-deals-gaming-chairs-and-desks-at-all-time-lows/ar-AA1uW611?apiversion=v2&noservercache=1&domshim=1&renderwebcomponents=1&wcseo=1&batchservertelemetry=1&noservertelemetry=1,"Overall, the brand makes incredible furnishings for gamers with exciting colors and finishes exclusive to their products. ... Secretlab Titan Evo Lite."
https://primagames.com/reviews/andaseat-2022-kaiser-3-gaming-chair-review,"Competitor Secretlab revamped its Titan Evo last summer with new features like integrated lower back support, magnetically-attachable armrests"
https://comicbook.com/gaming/news/secretlab-announces-an-affordable-skins-lite-chair-cover-line/,"A comfortable chair is an integral part of a gaming setup, and a Secretlab Titan Evo chair is generally the top choice to fill that role. In"
https://www.btod.com/blog/secret-lab-titan-vs-neue-best-buy/?srsltid=AfmBOopjiQbs3sUPenJ4Y_vN3PMpch-afi08OsT8COV_MqGlkKxx-kO9,The NeueChair is $200 more than the Titan Evo. They have unique designs as well. The Titan Evo is more of a gaming style versus the Neue which
https://secretlab.co/collections/accessories?collection=footrests-legrests,It features thirteen horizontal. US. Loading... Search Suggestions. Secretlab TITAN Evo · Secretlab TITAN Evo Lite ... Secretlab product storewide. From $30 · A
https://space-mep.com/?i=956276510968,Similar Items · Batman Gaming Chair reliable 03 · Secretlab Titan Evo boyutlar · Batman incredible Secret Lab Gamin Chair · Secretlab vintage sg outlet · Secretlab
https://www.tiktok.com/@madeinsg_/video/7458869159024282898,Link in bio. original sound - Secretlab · Corsair T3 Rush Vs Secretlab Titan Evo ... product build up & stimulate scalp to promote natural
https://www.pcgamer.com/hardware/gaming-chairs/ive-been-tracking-down-the-best-cyber-monday-gaming-chair-deals-still-available-right-now/,"The lite version of our favorite gaming chair, for example, the Secretlab Titan Evo Lite, is down to $419 at Secretlab. That's the same tasty discount on superb ergonomics and a robust frame we saw last week, with $40 off the usual price tag.

👉 We're curating the best Cyber Monday PC gaming deals right here 👈 [...] Secretlab Titan Evo Lite | Leatherette or softweave | $459 $419 at Secretlab (save $40)Our favorite gaming chair does not come cheap, with the prices having risen consistently since the Titan Evo originally launched. To combat that Secretlab has released the Titan Evo Lite, a chair coming in at the same original price as the Titan Evo. It's got the same essential design but lacks some of the luxury touches, such as adjustable lumbar support and the special magnetic neck pillow and armrests. But"
https://secretlab.co/collections/accessories?collection=cloudswap-armrest,It features thirteen horizontal. US. Loading... Search Suggestions. Secretlab TITAN Evo · Secretlab TITAN Evo Lite ... Secretlab product storewide. From $30 · A
https://www.facebook.com/Secretlab/posts/enemies-rivals-and-brothers-in-arms-transform-your-secretlab-titan-evo-series-ch/1043610461139949/?locale=id_ID,"With its pro-grade ergonomics, Secretlab TITAN Evo is the chair of choice for those who want to win. Catch the Secretlab SKINS VCT Americas"
https://singletrackworld.com/forum/off-topic/seceretlabs-titan-evo-gaming-chair-alternatives/,"I can get a Noble Epic in real leather for £500, which is the same price as a PU leather Titan Evo which is tempting

I should add that all 3 secretlab chairs ive bought are the weave fabric, the covers are easily removed for washing.

Have a look here: [...] Was a toss up between SecretLabs Titan and Noble Hero for me.  Ended up with a Noble Hero black edition.  Very firm and very solid. Made/sold by the CaseKing/Overclockers store.  Design etc. is very similar between the two.

Remove ads

Secretlabs omega owner here and happy with it, bought my mates kid an omega at the same time 4 years ago and I've recently upgraded him to a titan evo as he's now 6ft 5"", I'd happily recommend them to anyone.

Cheers, just been looking at the Noble chairs [...] Ive been looking at the Corsair's range of seats, cheaper than Secret labs and are stocked by the likes of Curry's etc.. so more chance of sitting in one before purchase and easy to return if not suited

I have a Secret Labs, Omega I think it is.  It was spendy but worth every penny.  I'm sitting in it for half my life and decades of shoulder pain has gone away since I got it.  Highly recommended.

All the gaming chairs I tried in the store by gaming brands all felt too light and wobbly."
https://brownmenmarketing.com/?p=1568521283140,Similar Items · This 550 ergonomic office chair rivals · Secretlab OMEGA 2020 Gaming · Secretlab RESPAWN Which Has Better · neue secretlab · Secretlab TITAN Evo
https://secretlab.co/pages/gaming-chairs,"Of all the gaming chairs I’ve tried, nothing is better than a Secretlab chair.

We can always trust Secretlab to have our back, especially during the longest, most intense matches.

Secretlab TITAN Evo keeps me perfectly positioned for peak performance, so I never have to worry about having the right support.

When you don’t notice the chair after sitting on it for 16 hours every day, for 18 days straight… that is a major plus for the quality of the chair. [...] Extended 5-year warranty.

beyond international standards.

Discover our extensive range of gaming chairs

Secretlab Signatures

Secretlab TITAN Evo gaming chairs bring an elevated level of personalized support and unrivaled performance. Designed with pro-grade ergonomics for serious performance. Leveraging advanced manufacturing technologies and science-driven design only available to Secretlab, this is the gaming chair with everything to do it all. [...] It's the best one I ever sat on... it might make you too good of a player.

Secretlab offers the best gaming chairs that are engineered for work and play

You no longer have to choose between a gaming chair and an office chair. Secretlab offers an extensive range of comfortable, ergonomically designed chairs that elevate your gaming experience and also make working from home easier and more efficient

The Secretlab Gaming Chair Difference"
https://secretlab.eu/pages/mclaren?srsltid=AfmBOorrJ07s0pLSG-h4VhePkzyxqvG2vvl-UOCBLyNsKl2QL-EcJnr6,Kick into high gear with pro-grade performance seating that evokes pure speed. Mclaren Race. SECRETLAB TITAN EVO. McLaren
https://www.crunchbase.com/organization/secretlab,"A more affordable version of the TITAN Evo, offering essential ergonomic features. Secretlab SKINS, Customizable sleeves for the TITAN Evo chair, providing"
https://thermeshade.com/?t=1342344244060,There are 0 items in your cart. There is 1 item in your cart. · INSTALMENT reliable original authentic SeatZone G7 · Gaming Chairs Secretlab TITAN Evo Secretlab
https://gamerant.com/secretlab-gaming-chairs-good-bad/,"fabric blends from the manufacturer's 2020 chairs and has fewer replaceable parts. Despite these drawbacks, the Titan Evo Lite is supremely comfortable and buyers don't sacrifice build quality. [...] Some buyers naturally wonder if the Titan Evo is worth paying considerably more than alternatives. More and more manufacturers are selling affordable ergonomic gaming chairs with similar features. In response, Secretlab recently released the Titan Evo Lite, a cheaper version of the company's flagship product. The Titan Evo Lite knocks about $100 off the typical asking price of the Titan Evo but lacks adjustable internal lumbar support. Also, Secretlab's more budget-friendly chair uses older [...] Secretlab TITAN Evo Lite Gaming Chair

Designed for exceptional comfort over long hours of sitting, the Secretlab TITAN Evo Lite combines the
most essential features of the TITAN Evo with serious value. It brings the pro-grade performance that Secretlab is known for at a more accessible price."
https://secretlab.co/pages/og,"It is engineered for top performance and unmatched comfort, so you can sit in the same seat as the world champions and relish their extraordinary place in the"
https://secretlab.co.uk/,"Together with ergonomic consultants and experts in biomechanics, physical therapy, and more, we designed Secretlab TITAN Evo to deliver responsive comfort that"
https://blog.secretlab.co/stories/all-about-secretlab-leather/,Whether it's a TITAN Evo 2022 or one of our Secretlab Classics ... Secretlab SoftWeave® Fabric series is a good alternative. It is
https://www.imore.com/gaming/gaming-chairs/secretlab-omega-2020-vs-titan-evo-2022-the-battle-of-the-ultimate-gaming-chairs,"The Titan is far more feature-packed, with more lumbar adjustability in the back and with sturdier feeling hinges and tilting. It's also more"
https://secretlab.co/pages/dc,The Secretlab TITAN Evo DC Collection brings to life your favorite superheroes and villains with the all-new technologies of our award-winning gaming chair.
https://secretlab.co/pages/gundam,"Featuring 3D-embroidered name tags above the headrest, the Secretlab Mobile Suit Gundam TITAN Evo chairs pay homage to ace pilots Amuro Ray and Char Aznable."
https://empasysinfo.com/?d=1028900770725,Similar Items · APEX Rival Gaming Chair ULTi · Secretlab TITAN Series reviews · Secretlab TITAN 2020 Gaming Chair · Office unworkable Chair Secretlab · Best gaming
https://www.amazon.com/Secretlab-Titan-Cookies-Cream-Gaming/dp/B0B3RJKHD1,"ADJUSTABLE GAMER CHAIR THAT ADAPTS TO YOU - Full-metal 4D armrests for smooth, precise adjustments in four directions with world's first replaceable armrest top, full-length backrest with 165° recline and multi-tilt mechanism to give you full control of your chair's position, a 4-way built-in adjustable lumbar support gives your back the personalized support it needs."
https://www.tiktok.com/@secretlab/video/7431068132480961810,Say goodbye to a bad back — and bad chairs. Upgrade your setup with the tried-and-tested Secretlab TITAN Evo NanoGen™ Edition and Secretlab
https://www.jade-square.com/?j=468045212,Secretlab TITAN Evo 2022 Gaming Chair Alternatives · Secretlab Rolls Out Black Friday Pricing on Top Rated Gaming · Secret Lab Chair Ultimate Gaming Chair Guide
https://kingahomes.com/?x=978898631012,Similar Items · 2023 Secretlab Omega Titan · Review Secretlab Omega SoftWeave highest · Corsair T3 Rush Fabric Gaming Chair · Secretlab titan guarantee xl · anda
https://secretlab.tenereteam.com/,"Cons · High Price Point: Secretlab chairs tend to be more expensive compared to other gaming chairs on the market, which can deter budget-conscious buyers."
https://van.com.pk/?t=997628041486,secretlab neuechair Welcome to Quality Engineering · Gaming Chairs Secretlab TITAN · NeueChair Headrest Secretlab UK · Gaming Chairs Secretlab TITAN Evo Secretlab
https://secretlab.co/pages/liquid,"Team Liquid is one of the oldest and most established esports organizations today. First founded in 2000 in the Netherlands, it has evolved into a leading international multi-game esports organization, with training centers around the world. Team Liquid now has over 80 athletes competing across 17 distinct games, including major esports titles such as Dota 2, League of Legends, CS:GO, Fortnite, Rainbow Six Siege, and more. [...] Led by Co-CEOs Steve Arhancet and Victor Goossens, Team Liquid is one of the most successful esports teams in the Western market in terms of competitive achievement and fan engagement across multiple sports.

Find out more at teamliquid.com.

Secretlab x Team Liquid [...] ""When you're competing at the highest level, comfort is one factor that cannot be overlooked. Secretlab chairs provide the high-quality design and comfort to help our athletes look and feel their best. By outfitting both our Alienware Training Facilities with Secretlab chairs, our players will also have the benefit of practicing with the same seating that they compete in on stage.""

Steve Arhancet and Victor Goossens Founders of Team Liquid

MAGNUS Desk Add-Ons

Team Liquid"
https://prosettings.net/players/stewie2k/,Setup & Streaming. Secretlab Titan Evo Jett. Chair. Secretlab Titan Evo Jett Secretlab Store ... Low Blue Light: 0. Gamma: 3. Color Temperature: R/G/B = 100/97
https://joyayaagency.com/?j=202035222,Chaise gaming Secretlab TITAN XL 2020 Secretlab EU ... Description. Product ... Secret lab parts new arrivals. secret lab parts · thrones gaming chair · secret lab
https://www.tiktok.com/discover/secret-lab-chairs-review-nano,"My thoughts on the @Secretlab TITAN Evo NanoGen™ Edition in pure black First and foremost, this chair is awesome!"
https://www.tiktok.com/@lindseyszn/video/7427506002620189994,Secret Lab Vs Blacklyte · Razer Enki Vs Secret Lab Chair · Secret Lab Akatsuki Chair · Secret Lab Chair Alternative · Which Is Better Secret Lab
https://prosettings.net/players/elige/,"Secretlab Titan EVO 2022 ; Yes · Yes · Built-in and adjustable · Real Leather, Artificial Leather, Fabric · 180kg"
https://www.tiktok.com/@lindseyszn/video/7343733255641779502,You're gonna have it for years. I have the secret lab Titan Evo. I sit in this chair around 12 hours a day. and there is not a moment where I'm
https://secretlab.co/pages/partners,"""I've had a Secretlab chair with me over the last couple of years, and it's been a staple in my day-to-day ever since.""

Magnus Carlsen

No. 1 in FIDE Ratings | 5x World Chess champion

""I use the Secretlab TITAN Evo when I practice, stream, and compete. I do like this chair a lot. I feel like it affords both comfort and flexibility."" [...] ""We love the fact that the Secretlab TITAN Evo is built like a tank. You can literally sit in any position and trust it to feel supportive. We use them a lot around the house for meetings, gaming, reading, and working.""

Tyson ‘TenZ’ Ngo

Sentinels  VCT 2024 Masters Madrid champion

“Of all gaming chairs I’ve tried, nothing is better than a Secretlab chair.”

Lee 'Faker' Sang-hyeok

T1 | 5x League of Legends Worlds champion [...] At its heart, the Secretlab TITAN Evo OfflineTV Edition embodies fun. The chair incorporates elements of digital life such as notifications, pop-ups, and more, a nod to the large online following OfflineTV has amassed. Warm yellow accents take cue from their brand mascot, Hina, complementing the cozy blend of beige microsuede, brown, cream, and black."
https://blog.secretlab.co/stories/secretlab-dota2/,"*Secretlab Classics is the official collection of our 2020 award-winning gaming chairs, which includes the Secretlab OMEGA 2020, the Secretlab"
https://www.tiktok.com/@drootv/video/7326986300001766699,"So, biggest things you're looking at. when you're buying a Secret Labs chair. with that price point of around $500. is you're looking at the"
https://www.ebay.com/shop/secret-labs?_nkw=secret+labs,secret labs ; Rare Game of Thrones HouseStark Secret Lab Gaming Chair Signed By Kit Harington · $800.00. Buy It Now ; SecretLab Titan Evo Series PU Foam Armrest
https://linustechtips.com/topic/1572286-secret-lab-chairs-too-tall-known-defect-being-used-to-sell-more-accessories/,Secretlab offers a number of customization options in the purchase process. One option should be a shorter gas cylinder to address the height.
https://forums.overclockers.co.uk/threads/time-to-buy-a-new-chair.18953395/,"JonRGV250

Thinking about buying a secretlabs..

iamtheoneneo

iamtheoneneo

Minstadave

Minstadave

Herman Miller Mirra TriFlex Office Designer Chair light grey

JonRGV250

JonRGV250

goldy6660

goldy6660

Minstadave

Minstadave

MoRT489

MoRT489

goldy6660

goldy6660

Go to page [...] Search







Time to buy a new Chair

Go to page

More options

Jace007

Jace007

MoRT489

MoRT489

JonRGV250

JonRGV250

iamtheoneneo

iamtheoneneo

fiveub

fiveub

noblechairs - Luxury Gaming Chairs & Footrests | Overclockers UK

Cleisthenes

Cleisthenes

Jace007

Jace007

JonRGV250

JonRGV250

2ndhnd.com - Affordable Quality Office Furniture

Jace007

Jace007

JonRGV250

JonRGV250

Herman Miller Mirra TriFlex Office Designer Chair light grey

mattyfez

mattyfez

mattyfez

mattyfez

JonRGV250"
https://www.instagram.com/p/C-zY1TdvQpl/?locale=en_CA&hl=en,"The ergonomic Pebble seat base and integrated lumbar curve ensure optimal support throughout your day, whether you're working or gaming."
https://www.yahoo.com/lifestyle/cheapest-way-buy-secretlab-gaming-150057764.html,The Secretlab Titan Evo Lite offers the same great build quality in a cheaper package.
https://www.t3.com/news/this-is-the-cheapest-way-to-buy-a-secretlab-gaming-chair,This is the cheapest way to buy a Secretlab gaming chair. The Secretlab Titan Evo Lite offers the same great build quality in a cheaper package.
https://www.ubuy.ke/en/product/IJIDGW7QG-secretlab-titan-evo-lite-in-black-prime-2-0-leatherette-gaming-chair-reclining-ergonomic-heavy-duty-computer-chair-with-4d-armrests?srsltid=AfmBOopu0mE_oqtYOK4GwzK5P0nuJsXNfhiv3m6D3m15F4Lhj7mYARSN,"The Secretlab Titan Evo Lite in Black Prime 2.0 Leatherette Gaming Chair has received an overwhelmingly positive customer response. One customer, who spends"
https://www.facebook.com/Secretlab/videos/secretlab-titan-evo-engineered-to-support-your-every-move/1079836633054753/,"In 2024, no one should buy a chair designed for one so- called perfect posture. Two years ago, we unveiled the Secretlab TITAN Evo,"
https://www.reddit.com/r/secretlab/comments/1c98gjz/strongly_considering_secretlabs_chair_need_input/,I was looking at Titan Evo Lite vs Titan XL 2020. 2020 seems bigger. New Titans appear to have raised edges on the seat which might be uncomfortable while
https://www.amazon.de/-/en/Secretlab-Evo-Lite-Ergonomic-Computer/dp/B0CR6FF1KS,"PATENT PENDING COLD CURING FOAM - Our cold hardening foam blend is specially formulated to be medium firm, the perfect blend of comfort and support."
https://secretlab.co/pages/support,Rest easier when you show us a public post of your Secretlab TITAN Evo / Secretlab TITAN Evo Lite / Secretlab Classics chair and extend your warranty. Enjoy our
https://www.tiktok.com/discover/secret-lab-titan-evo-vs-evo-lite,"This is the Secretlab Titan Evo NanoGen in Pure White! It's made with a super comfy NanoFoam composite that is both soft and supportive. Plus,"
https://secretlab.eu/pages/reviews?srsltid=AfmBOop4_fErxrUJObeEH1Qeaa4sG1V1DiqvAfE7kg9nmDtPAZw85aA2,"Reviews & Awards

Over 10,000 5-star ratings and multiple editors' choice awards can't be wrong — find out what makes Secretlab chairs great with reviews from the press and real users.

TechRadar

TweakTown

Gameranx

Geek Culture

Awards

Reviews

Secretlab TITAN Evo

Gaming Chairs

Secretlab MAGNUS Pro

Sit-to-Stand Metal Desk with Magnetic Ecosystem

Secretlab MAGNUS Metal Desk

with Magnetic Ecosystem

Secretlab Classics Gaming Chair

OMEGA 2020

TITAN 2020

TITAN XL 2020

Featured

Featured [...] Over 3,000,000 Happy Users and Counting

Customer Reviews





Join our mailing list for the latest offers and product releases!

You may opt out at any time.   Privacy Terms

Copyright © 2015 – 2025 Secretlab. All rights reserved. Secretlab™ is a registered trademark of Secretlab SG Pte Ltd"
https://blog.secretlab.co/stories/we-let-offlinetv-design-their-own-secretlab-chair/,Discover the story behind the Secretlab TITAN Evo OfflineTV Edition — where comfort meets performance and creativity knows no bounds
https://www.tiktok.com/@agenomicsphd/video/7237469409592331546,The Secretlab TITAN Evo McLaren Edition combines the obsessive ... product I have been using for years and a product that has saved my
https://prosettings.net/players/derke/,"Setup & Streaming. Secretlab Titan Evo Vitality Edition. Chair. Secretlab Titan Evo Vitality Edition Secretlab Store ... Low Blue Light, 0. Picture. Picture Mode"
https://www.instagram.com/magnus_carlsen/,... Secretlab TITAN Evo to have his back — in a game where every move can decide a championship. World Chess Champion Magnus Carlsen seated on a Secretlab TITAN Evo
https://www.tiktok.com/@secretlab/video/7201203581905636610,"What. A. Year. With the Secretlab TITAN Evo NanoGen™ Edition, MAGNUS Pro Pure White, Ergonomic Recliner Add-On and more, we've been"
https://blog.secretlab.co/stories/is-a-hard-or-soft-chair-better/,"When we started Secretlab, one of our goals was to change that perception. We couldn't find a foam on the market with the right firmness and density to meet our"
https://www.gamesradar.com/hardware/chairs/im-declaring-war-on-gaming-chair-armrests-in-2025/,"The Secretlab Titan Evo Nanogen Edition is not my favorite gaming chair, but at least that brand gets armrest adjustments right. It has buttons"
https://www.npl-construct.com/?n=208007822,Secretlab Titan Evo 2022 Gaming Chair Review IGN; Product reviews Secretlab EU; Secretlab Titan Evo Lite BRUTALLY HONEST Review. Size. 3 (36); 4 (37); 5 (38); 6
https://bleedingcool.com/games/secretlab-reveals-new-skins-lite-collection-with-several-ips/,"The intention for Secretlab SKINS (SoftWeave) and now, Secretlab SKINS Lite, is simple: to help our fans protect their Secretlab chair and keep it looking like new, while also allowing them to refresh the look of their existing chair. Having to commit to just one design for your chair is now truly a thing of the past. Secretlab SKINS Lite is designed to give the same indistinguishable form and fit on your Secretlab Titan Evo Series chair, so you'll forget it's even on. Every ergonomic curve [...] Our Arcane Collection takes inspiration from the world within the Emmy-winning animated series with two new designs featuring sisters Jinx and Vi — must-haves to get ready for the hotly-anticipated final season. Celebrate two epic decades of World of Warcraft with our expanded World of Warcraft Collection that brings Illidan Stormrage and The Lich King to life. Switch up the look of your Secretlab Titan Evo with these new designs and delve into the subterranean depths of Azeroth in The War [...] also remains as pronounced as ever, allowing you to rest comfortably throughout the day. Developing our own materials in-house has allowed us to have complete control over every pixel and color. These capabilities have expanded with Secretlab SKINS Lite. Like a blank canvas taking to paint, Secretlab SKINS Lite captures each motif, pattern, and gradient with absolute precision, allowing us greater freedom to create Special Edition masterpieces in more detail."
https://gametyrant.com/news/elevate-your-secretlab-chair-with-style-and-protection-introducing-secretlab-skins-lite,"Secretlab SKINS Lite is crafted to fit snugly over your Secretlab TITAN Evo Series chair, preserving its ergonomic curves and keeping it looking"
https://secretlabchairs.com.au/pages/gaming-chairs,Secretlab TITAN Evo gaming chairs bring an elevated level of personalized support and unrivaled performance. Designed with pro-grade ergonomics for serious
https://secretlab.eu/?srsltid=AfmBOorIV9NWzDZOCFN_bocNXLWfkC3i9g0Y10bC6K7qnv3JKk8ZJ4lk,"Discover multi-award winning Secretlab gaming chairs, engineered for comfort and ergonomics during long hours of work or gaming."
https://secretlabchairs.com.au/pages/technology,"The Secretlab TITAN Evo features a far gentler 30° slope, which follows the natural horizontal curve of your shoulders. It supports your shoulders, while still"
http://yebisu-k.co.jp/?d=387322380298,Secretlab MAGNUS Heavy Duty Monitor Arm Review. Gaming Chairs Secretlab TITAN Evo Secretlab CA. Details: Secretlab Announces It s Latest Gaming Chair The Titan
https://2fproperties.com/?g=940612170656,Similar Items · Stretchable 4pc Set Gaming · Secretlab Titan Evo 2022 Review · Secretlab PlushCell Memory Foam Armrest Review · Secretlab Titan EVO Lite · Secretlab
https://chairsfx.com/gaming-chair-reviews/secretlab-softweave-fabric/,The Secretlab Titan Evo 2022 Series is the most ergonomically-advanced gaming chair on the market. Its highlights include a 4-way integrated lumbar system.
https://acecenterdrivingschool.com.ng/?a=459669812,"Titan secret lab chair review shop, The Titan Evo 2022 Series gaming chair is Secretlab s magnum opus shop."
https://www.familypadel.es/?f=465099312,Is a 650 SecretLab Chair really worth it Gallery posted · Secretlab finally has a new gaming chair and it s a bit lighter · Amazon Secretlab Titan Evo Arctic
https://www.techradar.com/reviews/secretlab-titan-evo-2022,"As – how shall we say it – a larger individual, any kind of weakness or flexibility tends to reveal itself, so it's great that the weight"
https://www.mmorpg.com/hardware-reviews/secretlab-skins-lite-world-of-warcraft-edition-review-illidan-stormrage-2000133449,"The biggest difference is that SKINS Lite uses a new elastic fabric. It's not a SoftWeave-type fabric, but it is closer to neoprene, which gives"
https://www.tiktok.com/@sunflowerstardust/video/7249848894522215723,"Back in the fall, Secretlab gave me one of their amazing Titan Evo. Star Wars chairs. And this spring, they asked if I wanted one of their new"
https://www.tiktok.com/@secretlab/video/7436380760275209480,"Pure, unadulterated white. With a buttery-soft feel wrapped up in a subtle brilliance, the Secretlab TITAN Evo NanoGen™ Edition Pure White"
https://forums.overclockers.co.uk/threads/secret-lab-titan-evo-2022-or-noble-hero-black-edition.18951927/,"The perfect chair would probably be the Secretlabs Titan seat bit, with Noblechairs Hero back bit, and the styling designs of the Titan! :D. 12"
https://www.pcgamesn.com/secretlab/skins-lite,"With its new Skins Lite seat cover lineup, Secretlab is making them more affordable, and offering Arcane, WoW, and Dragon Ball Z designs."
https://www.desertcart.co.ke/products/603453289-secretlab-titan-evo-lite-in-black-3-prime-soft-weave-gaming-chair-reclining-ergonomic-heavy-duty-computer-chair-with-4-d-armrests-lumbar-support-black,"The Secretlab Titan Evo Lite in BLACK3 Prime ... Available in durable materials, this chair combines functionality with modern aesthetics, making it a perfect"
https://aumas.com/?q=1084397670584,"... Secretlab Titan 2020 Softweave Year REVIEW sales, Secretlab TITAN Evo 2022 Review Inven Global sales. Care Guide: Similar Items. SecretLab Titan Evo SoftWeave"
https://www.facebook.com/story.php/?story_fbid=780294380804893&id=100064730136367,Husaini Musiadi I did use my TITAN Evo for 12 hours. It's very comfortable and relaxing. 11 mos.
https://secretlab.sg/pages/faq,Secretlab SKINS are specially designed and precision-mapped to exclusively fit all Secretlab TITAN Evo and Secretlab TITAN Evo Lite chair models. ... reviews.
https://www.mayfair-aesthetics.co.uk/?t=134636046180&filter=e3b271&share_to_url=detail.php%3Fid%3D3948377%26name%3Dsecret+lab+back+pillow,Secretlab Titan EVO Lite Review PCMag. Ergonomic Gaming Chair with Footrest ... © 2024 www.mayfair-aesthetics.co.uk. • All rights reserved • Terms of
https://www.dualshockers.com/secretlab-ergonomic-recliner-add-on-review/,"It's also worth noting that if you have a black TITAN EVO design like myself, it is designed to blend in seamlessly with the rest of the chair,"
https://www.pinterest.com/pin/363313894959862994/,"An ergonomic chair engineered for all-day comfort. Secretlab TITAN Evo Lite has all the core functions of our flagship TITAN Evo, at a more accessible price"
https://www.imore.com/secretlab-titan-evo-2022-review,The new TITAN Evo is wider and more comfortable and comes with cool new features like CloudSwap armrests and a magnetic pillow for your head. It
https://www.techradar.com/gaming/secretlab-titan-evo-nanogen-edition-review,Pros · Wonderful new leatherette material for the finish · New NanoFoam is exquisitely comfortable · Signature Secretlab design and build quality.
https://www.reddit.com/r/secretlab/comments/14axd1w/my_honest_review_of_secretlab_titan_after_55/,It's an okay chair in the sense that it's provided a surface for my buttocks to rest on for the past 5.5 years. It also wasn't extremely expensive when I
https://medium.com/@chairsfx/secretlab-2020-series-softweave-fabric-chair-reviews-f0514806a76,"There are four designs, available as Omega, Titan, or Titan XL versions. This review covers the functional and aesthetic merits of each"
https://www.mmorpg.com/hardware-reviews/secretlab-x-ffxiv-collab-titan-evo-chair-review-2000132318,"Let me be blunt here: Visually, this chair is stunning in real life. The embroidery thread is not only vibrant; there's a beautiful shimmer to"
https://www.ubuy.ke/en/product/IJRT28B9K-secretlab-titan-evo-lite-in-black3-prime-softweave-gaming-chair-reclining-ergonomic-heavy-duty-computer-chair-with-4d-armrests-lumbar?srsltid=AfmBOorFWbBqXc8wQM62QX3XlhGYFy4aDCeJVWloUSqqTfSI7j-BNCeR,"Durable upholsteries - Choose between plush and supple PRIME 2.0 leatherette and soft, breathable SoftWeave fabric, both put through rigorous real-world testing"
https://www.msn.com/en-us/lifestyle/shopping/secretlab-ergonomic-recliner-add-on-review/ar-AA1vaCz1?item=flightsprg-tipsubsc-v1a?utm_source=milei.news,"Now, don't get it twisted. Compromising on ergonomic design is never something this brand will do, but with the advent of the Recliner add-on for the TITAN EVO,"
https://www.tiktok.com/@wavystv/video/7393450271701093663,secretlab.co/white-collection| Link in bio [ : @ulresch ] #secretlab #setupgoals #aesthetics · original sound - Secretlab · Secret Lab Magnus
https://freneco.com/?f=203706922,"For those who want an. Instagram on sale, Secretlab Understated minimalistic timeless. ... Fits the aesthetic of my room setup perfectly. ... The Secretlab TITAN"
https://batman-news.com/2021/12/09/secretlab-titan-evo-2022-flash-edition-review/,"This one adds yet a second level to this. Different people are different heights, so you can now adjust the height of the lumbar support, too."
https://www.tiktok.com/@secretlab/video/7491699235813920016,I've bought and still use the titan evo secret lab chair honestly their good chairs but those ergonomic ones for $100-$200 are way better for
https://gamerant.com/secretlab-vs-respawn-gaming-chairs/,"Updated on May 20th, 2024, by Adam Corsetti: Since this article's last update, Secretlab has released the Titan Evo Lite with a price more comparable to the RESPAWN line of gaming chairs. Along with updating the comparisons on affordability, more consideration was given to factors like ergonomics and comfort.

Style

Secretlab [...] Secretlab's lack of a legitimate budget gaming chair is welcome news to competitors like RESPAWN. The majority of the company's inventory is cheaper than the Titan Evo, with one of their most popular chairs, the 110, costing several hundred dollars less. Buyers shouldn't expect this chair to last a decade without showing signs of wear, but it offers decent value for a minimal investment. The RESPAWN 110 has a high-back design to support taller gamers and an adequate weight limit of 275 lbs. [...] Secretlab TITAN Evo Lite Gaming Chair

Designed for exceptional comfort over long hours of sitting, the Secretlab TITAN Evo Lite combines the
most essential features of the TITAN Evo with serious value. It brings the pro-grade performance that Secretlab is known for at a more accessible price."
https://www.tiktok.com/@freshchris/video/7477434200698670366,ive had this chair 2 years now and have had zero issues with the chair or my monitors. ♂. yes the armrest are slightly wobbly but that's
https://www.facebook.com/Secretlab/posts/introducing-secretlab-titan-evo-nanogen-edition-our-next-generation-hybrid-leath/987807906720205/,"We know many love the SoftWeave® Plus fabric for its soft, breathable feel and gradient aesthetic, and it remains the best in class for fabric"
https://www.gamesradar.com/secretlab-announces-attack-on-titan-gaming-chair/,"With that said, the Attack on Titan Edition Secretlab Titan Evo 2022 isn't going to be considered as one of the best cheap gaming chairs with"
https://www.instagram.com/secretlab/reel/DB1futNPCiG/,"With support that allows you to sit for multiple hours “without a hint of discomfort,” it's easily “one of the most comfortable seats on any"
https://www.tiktok.com/@fantastic_tek/video/7347083551290215726,"I've had a fabric titan for 4 years and it's holding up well. Some wear due to it being fabric , and the armrests are beginning to tear. But I"
https://www.backrobo.com/blogs/air-smart-chair/the-best-in-ergonomic-office-chair-comparison-and-testing-of-mainstream-models?srsltid=AfmBOopE425IgYprTJHnaJ_lTv2sV3GBlawy54l0k4ySh1D4kVNKsVIS,"Moving on to the SECRETLAB TITAN Evo Lite, this chair is a popular choice among gaming enthusiasts and office workers alike. It features a high-density cold-cure foam seat that promises long-lasting comfort. The chair's lumbar support is adjustable, but it relies on a more traditional, static approach compared to the Backrobo's dynamic system. [...] The Best in Ergonomic Office chair: Comparison and testing of mainstream models

In the ever-evolving world of office furniture, the quest for the perfect ergonomic chair has become paramount. Today, I'll delve into the depths of two leading contenders in this race: the Backrobo Air Smart Chair C2 and the SECRETLAB TITAN Evo Lite. We'll explore their features, how they fare in ergonomic testing, and ultimately, which one emerges as the top choice for your workspace. [...] In conclusion, the Backrobo Air Smart Chair C2 emerges as the superior choice in ergonomic office seating. Its innovative ALFS system, precise adjustability, and comfortable seating surface make it a standout in its class. While the SECRETLAB TITAN Evo Lite is a solid option, it falls short in comparison, particularly in terms of lumbar support customization and ergonomic testing performance. If you're looking for the best in ergonomic office chair, the Backrobo Air Smart Chair C2 is the way to"
https://www.tiktok.com/@brittanypanzer/video/7360787143662390559,"I forgot how comfortable my secret lab tight Nevo chair is. The fact I can unlock it to make a rock back and forth. Actually, you know what? I'm"
https://www.tiktok.com/@secretlab/video/7470851949454200084,"Super loud, got your back. Physically. Uh, very, very good chair. I've been using secret lab chairs for the longest time ever. It is very, very"
https://www.tiktok.com/@lindseyszn/video/7492453973488602398,Secretlab Titan Evo Akatsuki 2024 edition unboxing pt3 #secretlab #gamingchair #akatsuki #naruto ... The AURORA Cable Cover offers endless
https://www.tiktok.com/@crazneax/video/7480772486003510536,"Physically. Uh, very, very good chair. I've been using secret lab chairs for the longest time ever. It is very, very comfortable. They"
https://www.tiktok.com/@lindseyszn/video/7443490447332347178,"But with my Secretlab chair, setup was a breeze—just two screws to attach the back, and I was ready to go! Not only did I splurge on the chair"
https://www.currys.co.uk/gaming/pc-gaming/gaming-furniture/gaming-chairs,Find the perfect gaming chair for you in our full gaming furniture range here at Currys. Shop online for delivery or order & collect.
https://blog.thegamersmall.com/best-gaming-chair-for-back-pain/,1. Secretlab Titan Evo Lite – Best for Ergonomic Back Support · Price and best deals · Key Features · Pros · Cons · Setup & Adjustability · Best For.
https://the-tech-vortex.com/2025/03/31/the-best-gaming-accessories-to-buy/,... Secretlab Titan Evo 2025. Pros: Exceptional lumbar support with the L ... Strategies for Gaming Success: Elevate Your Gaming Skills
https://chairsfx.com/gaming-chair-news/vantum-vs-respawn-flexx/,"... enhanced well-being and comfort. On that front, the Titan beats ... Secretlab Titan Evo Lite gaming chair release notes · Gaming Chair"
https://www.imore.com/gaming/page/8,"Secretlab has today unveiled its new TITAN Evo Lite, a more affordable model of its popular TITAN Evo 2022. Gaming Chairs · Death Stranding artwork. Death"
https://www.pcmag.com/picks/best-tech-products,"In addition, the Atlas Air's crisp mic is a plus for coordinating team strategies in online games. ... Secretlab. See It · Secretlab Titan EVO Lite Review."
https://www.instagram.com/neon_vines/p/CaXsZbHJB3O/,"@secretlab for upgrading my studio chair to the latest model, the Charcoal Blue Titan Evo… ... strategies that help you move quickly and maintain"
https://revamp.thevantageschool.com/?r=467924512,Secretlab Titan Evo LITE The Best Selling Gaming Chair of 2024 ... Secretlab US sale ... Our educational strategies and relentless pursuit of improvement
https://secretlab.co/pages/teamfighttactics,"Secretlab continues its longstanding partnership with Riot Games as the trusted official chair partner of Teamfight Tactics. Engineered with research-backed ergonomic comfort, the Secretlab TITAN Evo powers the best players as they draft, position, and battle their way to be the last person standing.

Select a Variant

SECRETLAB

TFT Macao Open
TFT Vegas Open
TFT Gizmos & Gadgets Championship
TFT Reckoning Championship
                                            Edition

SECRETLAB [...] Official Chair Partner of

Witness a clash between familiar faces from Piltover and Zaun at the Into the Arcane Tactician’s Crown. Channel the magic of Arcane and level up your play with the Secretlab TITAN Evo, engineered for tournament-grade ergonomics. [...] TFT Reckoning Championship  Edition

Currently Not For Sale

Join our mailing list for the latest offers and product releases!

Copyright © 2015 – 2025 Secretlab. All rights reserved. Secretlab™ is a registered trademark of Secretlab SG Pte Ltd"
https://www.migeof.com/?cat=-1,"The backrest features a unique, curved dual-zone design for enhanced spinal support. ... Secretlab TITAN EVO 2022. View at Secretlab · View at Amazon. Key"
https://www.techpowerup.com/news-tags/TITAN,"... enhancements, gameplay additions and quality of life ... Read past the break for more on the updated features with the new Secretlab TITAN Evo chairs!"
https://www.instagram.com/g00nlagoon/reel/C_PjTL9MJCf/,... Secretlab Titan Evo is a premium gaming chair designed to provide exceptional comfort and support during extended gaming or work sessions
https://www.gamesradar.com/razer-iskur-free-gift-cards-frag-fest-sale/,"... Secretlab Titan Evo Lite on a purple background, next to a Best Deal ... More than 1,000 classic RPGs, strategy games, and horror"
https://muckrack.com/mufaddal-fakhruddin/articles,Enhanced search and personalization one of the key areas of improvement. + ... Secretlab Titan Evo (Arctic White) Gaming Chair Review · 6 months ago |. By
https://consumerrating.org/reputation-management/best/,Secretlab TITAN Evo · Secretlab Omega (2020) · Secretlab Titan · E-Win · Vertagear ... This service will often include creating strategies specific to your brand
https://www.linkedin.com/posts/secretlabsgpteltd_singapore-has-always-been-a-surprising-success-activity-7227886388346511360-6hlO,"... Secretlab. The Secretlab TITAN Evo is our most technologically advanced chair yet, created by Singaporean engineers in our Global HQ and R&D"
https://www.desertcart.sc/products/603373524-secretlab-titan-evo-lite-in-black-prime-2-0-leatherette-gaming-chair-reclining-ergonomic-heavy-duty-computer-chair-with-4-d-armrests-lumbar-support-black,Value for Money. Competitive prices on a vast range of products ; Shop Globally. Serving over 300 million shoppers across more than 200 countries ; Enhanced
https://www.techadvisor.com/article/723734/best-gaming-chair.html,"The Secretlab Titan Evo forgoes the traditional bucket seat design employed by many gaming chairs, with a new pebble seat design with a smoother"
https://secretlab.tenereteam.com/coupons,"The Secretlab TITAN Evo is one of their flagship products, designed with the help of ergonomic consultants and experts in biomechanics and"
https://www.tiktok.com/@elvis_w_g/video/7454863055323729157,... Secretlab TITAN Evo NanoGen™ Edition is our softest and most supportive chair yet. ... We also incorporate AI-driven tools to enhance SEO and
https://scholar.place/youtoo-ergonomic-chair/,"Secretlab Titan Evo, Memory foam padding, adjustable neck pillow ... Here are 4 strategies to help you stay … Jun 20, 2024 … Get your"
https://www.obsbot.com/blog/gift/presents-for-gamer-boyfriend?srsltid=AfmBOopBFLfg4n3drXXj6peotnJPfX8GW9_Y0wZWc1rphY5fwJQzbaJc,"The Secretlab Titan EVO keeps your partner comfortable during long gaming hours with its adjustable armrests, memory foam cushions, and lumbar"
https://www.slashgear.com/1810656/gaming-chair-brands-ranked-worst-best/,"Secretlab used to have a wide range of gaming chairs of different prices and styles, but lately it seems like the company has focused entirely on the Titan, the family of models which the manufacturer calls ""the core Secretlab experience"". However, this doesn't mean that the company hasn't been improving its products. The Regular and Small sizes of the Titan Evo feature shorter hydraulics that let it get closer to the floor, allowing more people to place their feet firmly on the ground, where [...] they should be. The company also offers a Lite version of the Titan Evo that costs about $90 less but doesn't feature adjustable lumbar support, and a much more expensive NanoGen version featuring ""next-generation"" foam and fabrics, whatever that is. [...] Meanwhile, Corsair's mid-range T3/T1 models — which are essentially the same chair, covered by different fabric — don't add enough to justify the $80 increase over the TC100. Finally, the TC500 seems to be Corsair's answer to the Secretlab's Titan Evo, and while at about $500 it is priced competitively, it doesn't survive the comparison unscathed. For one, the armrests are a consistent point of complaint in consumer reviews, both because of the distance between them, and for how much they can"
https://wizishop.com/blog/niche-products,"Their flagship product, the Secretlab TITAN Evo, features advanced ergonomic designs, including a proprietary pebble seat base and a patent-"
https://www.gravastar.com/blogs/learn/best-desktop-gaming-setups-ultimate-gaming-rigs-best-performance-setups?srsltid=AfmBOor58T2wsUNzFxMpxzo9w_nxNAOmxp8lGnLD-h4PMJWyrg5itBJK,"The Secretlab TITAN Evo 2022 Series is the best adjustable gaming chair for long sessions, offering an advanced lumbar system with height"
https://flujostore.com/blogs/news/top-11-ergonomic-chairs-guide-singapore?srsltid=AfmBOop7ojs35ukmZfk_od42vrKOgkEg2sSbJpMoDD2w1jdiTbfPeR6S,Secretlab Titan Evo Courtesy Secretlab ... The Secretly Titan Evo stands as a testament to the evolution of ergonomic chair design. Marrying
https://www.facebook.com/neonvines/?locale=cs_CZ,"Thank you Secretlab for upgrading my studio chair to the latest model, the Charcoal Blue Titan Evo… I love it so much and Max approves too Producers, if you'"
https://tstazpt.com/news/,"Key Features: Adjustable lumbar support, memory foam head pillow, full recline. Why It's Great: Initially designed as a gaming chair, the Secretlab Titan Evo"
https://smarttechshopping.com/blogs/news/18-epic-gaming-gifts-for-gamers-of-all-levels-dont-miss-13?srsltid=AfmBOoqAPQrVqrmFs3_o3hsxSPL98mrXcy3QEbsW2ELNbyNwJCNTWSs4,Review: The Secretlab TITAN Evo 2024 Series is a premium gaming chair with a comfortable and supportive design. Herman Miller x Logitech G
https://www.linkedin.com/posts/secretlabsgpteltd_from-supporting-lee-faker-sang-hyeok-as-activity-7282350259580583936-9jt3,"Secretlab TITAN Evo: Designing For The Modern Gamer, Creator, And Hybrid Worker. Secretlab 8mo · 9 Ergonomic Tips To Improve All Your Different"
https://serp.media/shop/best/alienware-gaming-chairs/,"In summary, if you're looking for a gaming chair that combines ultimate comfort with the powerhouse of functionality, look no further. The Secretlab Titan Evo"
https://www.ebay.com/str/funkytrinkets99,Secretlab Titan Evo Lite PU Foam Armrest Top Right New Open Box. $32.99. Help & Report. NuFACE Trinity Microcurrent Facial Toning Device And Charging Dock Nu
https://europeangaming.eu/portal/latest-news/2022/01/17/107292/lec-partners-with-red-bull-warner-music-and-secretlab-for-2022/,"... Secretlab TITAN Evo 2022. Additionally, the exclusive Secretlab x ... ELA Games Enters the Danish Market Through New Strategic Collaboration With"
https://www.pcgamer.com/hardware/live/news/im-here-digging-out-the-best-post-christmas-post-turkey-pc-gaming-deals-using-my-decades-of-experience-and-lack-of-social-norms/,Best gaming chair: Secretlab Titan Evo | $519; Best wireless gaming ... improvement. Price check: Best Buy $499.99 · View Deal.
https://secretlab.co/pages/teamsecret,A pair of black gaming chairs with the Team Secret logo and branding by Secret Lab. New. Secretlab TITAN Evo. Team Secret Edition. Upholstered in Secretlab NEO
https://www.hardwarezone.com.sg/review-razer-enki-gaming-chair-comfortable-pricey-gaming-chair,"The armrests are still 4D, and adjustable back, forward, side to side and of course up and down. You can even swivel them at three different angles. They are essentially the same armrests you’ll find on the Iskur. And while Secretlab’s Titan Evo 2022’s armrests’ covers are are interchangeable, the ones on Enki cannot. Other adjustments available are standard fare for a gaming chair of this ilk: you can lean back a little without having to adjust anything, recline the back with a level, or you [...] You see, Razer didn’t design the Enki to be the successor to the Iskur. Rather, the new gaming chair has a different design with a completely new seat base and back rest – it also does away with the Iskur’s signature adjustable lumbar support. So, if you have a weak lower back (like I do) or prefer a gaming chair that has a better ergonomic back rest for your spine, then the Iskur series and Secretlab’s Titan Evo 2022 Series are your better alternatives. But if you prefer a more 'traditional' [...] Now, again this is my own personal experience and yours could be different. As mentioned earlier, I have a weak lower back and my primary form of exercise that is cycling only exacerbated the problem. So, while I don’t find the Enki’s back support to be discomforting nor did it cause me to have back fatigue over long stretches of time, I do find the Razer Iskur and Secretlab’s Titan Evo 2022 gaming chairs, and their respective adjustable lumbar support, to simply be more comfortable for me."
https://www.pcgamer.com/hardware/live/news/cyber-monday-2024-pc-gaming-deals-live/,Secretlab Titan Evo | $519; Best wireless gaming headset: HyperX ... improvement. Price check: Best Buy $499.99 · View Deal · Price watch
https://www.theknot.com/us/carolyn-fraher-and-ben-meiergerd-sep-2024/registry,"Secretlab Titan Evo K/DA All Out Gaming Chair - Reclining ... Strategy Game for Kids & Adults, Ages 8+, 2-5 Players, 30-60 Minute"
https://hellcase.com/blog/guides/best-gaming-chair/,SecretLab Titan Evo. · AutoFull C3 · DXRacer Craft Series · EPIC SK Edition · Razer Iskur · Cooler Master Calibre X2 · Corsair T3 Rush.
https://www.yahoo.com/tech/secretlab-warhammer-40-000-ultramarine-130000807.html,"There are more subtle design features too: embossed lines and circles that appear like screw heads give the chair a distinct, armor-like feel, mimicking the way panels are etched, finished, and joined on armor to make it both fit and be functional.

My favorite addition, however, is the skull Purity Seal attached to the left side of the headrest. It’s a brilliant nod to features we see on Space Marine armor as they display the marine’s own pure faith and morality like, well, medals. [...] From bold colors and contrasts to splendid details and design flourishes, all draped over one of the finest gaming chairs on the market now, it is a thing of beauty, layered on quality.

Everything has a purpose [...] These are complemented by vivid, but not flashy, streaks of black and gold banding across the seat’s sides and the back’s wings. These break up the sea of blue coloring in a gorgeous way and the rectilinear patterning and shape of them is perfect for reinforcing the importance of order and control in the Space Marines’ way of life."
https://thegigabrain.com/posts/best-ergonomic-chairs-for-back-support,"Many high-end brands offer generous return policies, allowing you to ... Secretlab Titan Evo 2022: If you prefer a gaming chair, the Titan Evo offers"
https://designawards.core77.com/2023/jury.html,"He now leads all design at Secretlab, heading the development of the award-winning Secretlab TITAN Evo, MAGNUS desks, monitor arms, and more. Looking to the"
https://www.facebook.com/Secretlab/videos/the-eternal-conflict-beckons/626112176056176/,Refresh your setup for 2025 · Focus begins with MAGNUS Pro · What we did in 2024 | Secretlab · Wirecutter's Best Gaming Chair | Secretlab TITAN Evo.
https://www.businessinsider.com/guides/deals/after-christmas-sales-2024,"Nest Audio is 6.89 inches tall and comes in five colors: black, light grey, coral, light green, and sky blue. ... The Secretlab TITAN Evo 2022"
https://www.msn.com/en-ca/lifestyle/shopping/andaseat-luna-review-a-basic-gaming-chair-with-a-low-price-but-with-a-few-design-flaws/ar-AA1xqqWr,"Secretlab Titan Evo 2022The doyen of the gaming chair world, and for good reason: it's been the one to beat ever since its first incarnation, and the 2022"
https://gamerant.com/secretlabs-magnus-pro-black-friday-sale-lets-gamers-save-sitting-standing/,"Gamers may associate Secretlab with its Titan Evo chair, but the Magnus Pro desk can become the centerpiece of any setup."
https://caiminds.com/video-games/unlock-the-ultimate-gaming-experience-with-these-pc-gaming-accessories/,"The Secretlab TITAN Evo 2022 may offer a hefty price tag, but the elite club of owners all agree this is one of the most comfortable, ergonomic"
https://muckrack.com/aaron-yip/articles,Secretlab Titan Evo McLaren Edition impressions: A great-looking chair with racing-inspired details Secretlab has officially unveiled its partnership with
https://techtonicstz.com/single-blog.php?id=8,SteelSeries Arctis 7+ Wireless — $149.99 ; Logitech G502 HERO — $79.99 ; Corsair K95 RGB Platinum — $199.99 ; Secretlab Titan Evo 2024 — $499.99.
https://secretlab.co/pages/terms-and-conditions,"pilihan yang telah anda kongsi dengan kami, berikan anda maklumat atau pengiklanan yang berkaitan dengan produk kami.Menapis pelanggan, pesanan dan permintaan pelanggan untuk potensi risiko dan penipuan serta menjalankan penyiasatan berkaitan.Membangunkan dan menambah baik produk kami.Melindungi infrastruktur, sistem dan aset digital kami.Mematuhi keperluan kawal selia, termasuk menjawab permintaan untuk mendapatkan semula atau data peribadi, dan membalas perintah mahkamah dan penyiasatan [...] dan membalas pertanyaan dan aduan anda.Membolehkan penggunaan cekap Laman dan platform teknologi  yang kami gunakan untuk berkomunikasi dengan anda.Mengumpulkan statistik untuk mengoptimumkan kefungsian Laman kami dan platform teknologi lain yang kami gunakan untuk berkomunikasi dengan anda dan untuk memasarkan produk kami.Mematuhi keperluan kawal selia, termasuk menjawab permintaan untuk mendapatkan semula atau data peribadi, dan membalas perintah mahkamah dan penyiasatan [...] We own or have the rights to all the Content and its related all intellectual property rights. You have no rights in or to the Content other than to use them according with these Terms of Use. We do not allow use of the Site or its Content outside of the permitted scope defined by these Terms of Use. Be aware that violating intellectual property laws may lead to criminal prosecution that culminates in jail time."
https://www.ubuy.pe/en/brand/secretlab?srsltid=AfmBOopmFcDbSQFe2LULIzCsnQb_Z_-xL6pAnOKrg_TZen7mmXLmyGVr,Dive into the intricacies of gamer behaviour and psychology to elevate your strategies. Experience optimal comfort and customisable positions for both intense
https://www.pocket-lint.com/best-gaming-chair/,noblechairs hero. Noblechairs Legend. 1. Best gaming chair · Secretlab Titan Evo 2022. Secretlab TITAN Evo (2022). 2. Premium gaming chair · Razer Enki Gaming
https://chairdeskexpert.com/blog/best-desk-chairs-for-ultimate-comfort/,"In light of the material that the chair is made of, its comfort ... Yes, a long-hour comfortable gaming chair like the Secretlab Titan Evo"
https://revamp.thevantageschool.com/?r=468904012,Secretlab TITAN Evo 2022 Cookies Cream Edition Gaming Chair · Secretlab Titan Cookies Cream 2 Year Review · Secretlab Titan softweave cookies and cream Furniture
https://www.etsy.com/dk-en/listing/1418578195/tube-led-light-ikea-spanst-holder-stand,Explore more related searches. Led Tube · Tube Light Base · Room Stand Light · Philips Hue Light Strip Bar · Secretlab Titan Evo · Magcubic Projector Wall Mount.
https://daft.fm/shop/best/green-gaming-chairs/,"The Secretlab Titan Evo 2022 Series XL has been a game-changer for me in my daily gaming and work sessions. The moment I sank into its plush,"
https://www.dexerto.com/tech/corsair-announces-brand-new-tc200-gaming-chair-price-specs-and-more-1860059/,"... Secretlab Titan Evo 2022? The chairs feature foam lumbar support, as ... light grey and white or black. While it would have been nice"
https://www.thegamer.com/best-valorant-merch/,"Secretlab Volorant Edition TITAN Evo and Lumbar Pillow, Superbuybox Reaver Karambit Knife, and Pullover. Calling all Valorant enthusiasts! We've"
https://tecroot.lk/product/titan-evo/?srsltid=AfmBOop78TUrZw9nx8MY9bt7beF7c8dCzZxR3WdDRPQdZolpmbdZW3Bs,"ADJUSTABLE GAMER CHAIR THAT ADAPTS TO YOU -- Full-metal 4D armrests for smooth, precise adjustments in four directions with world's first replaceable armrest top, full-length backrest with 165° recline and multi-tilt mechanism to give you full control of your chair's position, a 4-way built-in adjustable lumbar support gives your back the personalized support it needs."
https://secretlab.co/pages/careers,"Copyright © 2015 – 2025 Secretlab. All rights reserved. Secretlab™ is a registered trademark of Secretlab SG Pte Ltd [...] Secretlab today is the gaming seat of choice for the world’s premier esports tournaments such as Dota 2’s The International (right), League of Legends’ World Championships, Counter-Strike: Global Offensive global tournaments, and more. We’re also rated as the undisputed #1 by the international media, with near perfect reviews from our users. Come see what it's like to be part of our starting line-up, and reap the benefits of a fast-tracked career. [...] We've put together the best problem solvers, creators and innovators who continually set new industry standards by day, and top the digital scoreboards at night. Here, you never have to worry about having the best environment, equipment (chairs, desks — we've got you), sustenance and/or snacks, and support in pursuit of growth and excellence.

Your decisions impact a global audience on a daily basis, and the only thing you'll be limited by here is your vision.

Make a difference globally"
https://spacehub.id/workspace-furniture-for-freelancers/,"Recommendations: Herman Miller Aeron, Steelcase Leap, or Secretlab Titan Evo. Proper Lighting. Why is it important? Poor lighting can cause"
https://www.nytimes.com/wirecutter/home-garden/7/,The Secret Titan Evo and the Mavix M9 gaming chair with two game controllers on display · The Best
https://uk.trustpilot.com/review/secretlab.co?page=7,"Ordered Titan EVO 2 in Charcoal Blue which is advertised as a Dark-Grey. I received a Light-Grey chair. Customer Support sais ""please note that some of the"
https://www.reddit.com/r/secretlab/comments/smb88p/extremely_uncomfortable_and_painful_lumbar/,The 4-way l-adapt lumbar system that comes with the chair is absolute nightmare. It does seem that unless you set it perfectly (the height and depth this is)
https://blog.secretlab.co/stories/echo-guild-interview-race-to-world-first-amirdrassil/,"“The versatility of these products means that whether a player chooses to don flip-flops or socks, to sit or to stand, Secretlab's ergonomic"
https://www.arvindrajagopal.com/?e=1083123472018,"Secret lab gaming chair omega Akali Office Chairs Adelaide. Details: Secretlab TITAN Evo Jinx League Of Legends Gaming Chair LSB great, Secretlab Titan Evo Lite"
https://www.techoriz.com/?p=1055309370653,"Secret Lab Gaming Chair EVO XL Office Chairs San Francisco. Details: Gaming Chairs Secretlab TITAN Evo Secretlab NZ retailer, Riot Games x Secretlab Jinx"
https://x.com/secretlabchairs/status/1750171663038337340,"The Secretlab TITAN Evo Lite is also compatible with select add-ons, including Secretlab SKINS premium chair sleeves, casters,"
https://www.gruptba.com/?e=1083083122171,"Secretlab large Titan Evo Lite Gaming, Secretlab Titan Evo Lite ... Details: ThunderX3 Thunder X3 EAZE Loft Black ... Customer Reviews. Be the first to write a"
https://x.com/pcgamer/status/1863488401602683039,"Shhh, don't tell everyone, but the Secretlab Titan Evo Lite is the gaming chair I would actually buy this weekend. https://t.co/QwI3oswiTR."
https://manuals.plus/secretlab/titan-evo-lite-series-manual,"Discover the care instructions for your Secretlab Titan Evo Lite Series chair, including upholstery care tips and safety guidelines for optimal use."
https://www.amazon.com/Secretlab-Titan-BLACK3-SoftWeave-Gaming/dp/B0CR6FGR4G,"Patent-pending cold-cure foam - Our cold-cure foam mix is specially formulated to be medium firm, the perfect blend of comfort and support. · Pebble seat base -"
https://halgeconsultoria.com.br/?z=837486320398,"Details: Gaming Chair Tempest Discover Blue GigaStore best, The Impact of a Good Gaming Chair on Posture and Health best, Craft Series The Next Era of"
https://secretlab.sg/pages/compare,"Compare features and technical specifications for the Secretlab TITAN Evo, the Secretlab OMEGA and Secretlab TITAN."
https://gladiatair.com.au/?d=261897002137,"... TITAN Evo Secretlab UK deals, SecretLab gaming chair deals feature up to 130 off the brand s deals, Secretlab Titan Evo XL im Test Gaming Stuhl f r gro e"
https://www.facebook.com/moneysmartsg/videos/limited-time-only/490202240109990/,Get rewarded with a SecretLab TITAN Evo Lite Chair in as soon as 6 weeks! Apply for selected Citi Credit Cards today.
https://www.instagram.com/reel/DIgsknhyqk5/,✨ Secretlab Ravenclaw Titan Evo SKIN by @secretlab (gifted) What do you think of my new setup? #harrypotter #potterhead #maraudersmap #secretlab
https://secretlabchairs.com.au/pages/faq,"Choose between three different types of casters that cater to different needs. You can personalize and optimize your Secretlab TITAN Evo, Secretlab TITAN Evo Lite or Secretlab Classics (TITAN 2020 and OMEGA 2020) gaming chair with the Premium Extra Small Casters, Soft Rollerblade Casters, or Static Stand.

Discover which of these casters would best fit your needs and preferences here. [...] The gentle side wings on our full-length backrest also follow the natural horizontal curve of your shoulders. This allows for optimal support throughout the day — without ever restricting you to a single posture.

Learn more about how we design for ergonomic comfort.

The Secretlab TITAN Evo and TITAN Evo Lite share the same sizing dimensions. The flagship TITAN Evo is available in three sizes — Small, Regular and XL. The TITAN Evo Lite is available in Regular and XL, our most popular sizes. [...] Secretlab SKINS are precision-mapped to the TITAN Evo Series for an exacting fit, so they never compromise your chair's ergonomic benefits or performance.

Secretlab SKINS are specially designed and precision-mapped to exclusively fit all Secretlab TITAN Evo and Secretlab TITAN Evo Lite chair models.

Secretlab SKINS are not compatible with Secretlab Classics (OMEGA 2020 and TITAN 2020), any earlier Secretlab chair models, or other chair brands."
https://gametyrant.com/news/introducing-the-secretlab-titan-evo-nanogen-edition-where-unmatched-softness-meets-full-scale-support,"Secretlab’s custom-engineered NanoFoam™ Composite foam represents the peak of seating innovation. Comprising a multi-layer structure, it combines a medium-firm cold-cure base with a lightweight, ultra-soft microfoam layer on top. Advanced pressure-mapping and Finite Element Analysis optimize the thickness and placement of each layer, giving a dynamic sitting experience that maintains weight distribution and support in high-pressure areas. Each layer is bonded with an advanced nano-based [...] Introducing The Secretlab TITAN Evo NanoGen™ Edition: Where Unmatched Softness Meets Full-Scale Support

Secretlab is setting a new standard in ergonomic seating with the launch of the TITAN Evo NanoGen™ Edition — a chair that defies convention by combining unparalleled softness with total body support. This latest release showcases Secretlab's most advanced materials yet, offering a luxurious sitting experience that feels cushiony-soft yet remains firm and supportive throughout the day. [...] Available Now in Pure White and Pure Black

The Secretlab TITAN Evo NanoGen™ Edition is available in Pure White and Pure Black, with full pricing details listed on secretlab.co. This chair embodies Secretlab's commitment to redefining comfort and durability, providing a seating experience that meets the highest standards of luxury and ergonomic support.

Newest GameTyrant Posts

Follow GameTyrant"
https://nanoleaf.me/en-US/newsroom/blogs/2937/,5. SecretLab Titan EVO 2022 Series Gaming Chair – starting from $429.00 ... Your gaming chair makes or breaks your gaming experience—it makes a huge difference
https://secretlab.co.uk/pages/terms-and-conditions,UK. Loading... Search Suggestions. Secretlab TITAN Evo · Secretlab TITAN Evo Lite · Secretlab SKINS · Secretlab MAGNUS Pro · Support · Shipping & Delivery.
https://www.msn.com/en-us/lifestyle/shopping/one-of-the-best-gaming-chairs-we-ve-given-a-5-star-rating-to-is-now-available-to-purchase-in-the-uk/ar-AA1CAdGM,The regular-sized version of the SecretLab TITAN Evo NanoGen Edition will cost $669 while the XL-sized version will be sold at the MSRP of $729. UK gamers are
https://chairsfx.com/gaming-chair-reviews/secretlab-titan-ash-leatherette/,"After two years of using one, I've found that it delivers a clean and refreshing aesthetic. However, maintaining its pristine appearance"
https://www.reddit.com/r/secretlab/comments/19el86v/thoughts_about_secretlab_in_2024/,"There are TONS of negative reviews, that present issues that range from manufacturing and quality control to terrible customer support."
https://typewritercollector.com/?t=469098912,"... LITE VS TITAN EVO WHICH GAMING CHAIR YOU sales, All Accessories ... Secretlab Titan Evo 2023 Best Alternative. Best gaming chairs 2023 The best"
https://blog.meprint.it/?s=1346360461970,Similar Items · Secretlab Titan EVO Lite Review PCMag · APEX CORE Ergonomic Gaming · Secret Lab Back Pillow 2025 · secretlab titan back pillow · Buy Echo Lumbar
https://chairsfx.com/gaming-chair-reviews/anda-kaiser-4-vs-secretlab-titan/,"The Anda Seat Kaiser 4 might represent the pinnacle of high-end gaming chairs. Its predecessor, the Kaiser 3, combined the best features of"
https://webtech-evolution.com/?e=202040622,"Gym Workout shoes offer a stable and versatile ride. They have a firmer underfoot feeling that provides stability for lateral movements with comfortable uppers. These types of shoes are best for trips to the gyms, cross training, casual wear, and light running. FIVE OF THE BEST SECRETLAB TITAN EVO GAMING CHAIR ALTERNATIVES YouTube

Alternatives to secret lab chair sales by Surface [...] Alternatives to secret lab chair sales Stability Level

Neutral shoes support the foot through a normal range of arch collapse and generally do not have a built-in technology to correct movement.

Stability shoes are a great option for those who overpronate or need added support. These shoes help to limit the inward rolling motion of the ankle while running or walking and assist in guiding the foot straight through the gait cycle. SECRETLAB TITAN EVO 2024 gmaing Chair alternatives YouTube [...] Product Details:

Model Number: SKU#7222145

Specs & Fit

Alternatives to secret lab chair sales

How It Fits

How We Measure Our Product

Secretlab Titan Evo 2022 Review A Good Gaming Chair WIRED

Customer Reviews

*Price comparisons are based on the Manufacturer's Suggested Retail Price (""MSRP"") or Original Selling Price. Actual sales may not have occurred at this price.**Price matching restrictions vary by brands. Contact us for details."
https://www.ign.com/articles/the-best-gaming-chairs,"The original Secretlab Titan Evo I reviewed reigned supreme as my top pick for ""best gaming chair"" since its release in 2022. With the release"
https://www.tomshardware.com/best-picks/best-gaming-chairs,"In 2021, Secretlab discontinued two of its chairs — including one of our longtime favorites, the Secretlab Omega — in favor of the multi-size option Secretlab Titan Evo 2022. The Titan Evo 2022 comes in three sizes (small, regular, and XL) to fit gamers ranging in height from 4’11” to 6’9” and weighing up to 395 pounds. The Titan Evo 2022 comes in either leatherette or fabric upholstery, and can be purchased in a range of colors and styles — including special editions from eSports, video games, [...] The Vantum is currently on sale for 20% off and now comes in a variety of colors, including navy blue, lilac, orange, and turquoise, along with the original black, red, and white.

Read: Herman Miller x Logitech G Vantum Review

Best Customizable Gaming Chair



2. Secretlab Titan Evo 2022

Our expert review:

Specifications

Reasons to buy

Reasons to avoid [...] With an assortment of upholstery types and colors and multiple size options, the Titan Evo 2022 is a great gaming chair for a range of body types. The multitude of adjustments means you can sit in this chair however you want — or even lie completely flat.

Read: Secretlab Titan Evo 2022 Review

Best Budget Gaming Chair



3. Boulies Master

Our expert review:

Specifications

Reasons to buy

Reasons to avoid"
https://www.techradar.com/news/best-pc-gaming-chair-5-best-chairs-to-game-in-comfort,There really isn't a better overall option than the Secretlab Titan Evo 2022. It is extremely comfortable and available in a wide variety of colors and styles.
https://brownmenmarketing.com/?p=1568684842240,About this item. 2024 Release The Less Expensive Secretlab Titan Evo. 2024 Release The Less Expensive Secretlab Titan Evo Lite Is. Which Secretlab Gaming Chair
https://linustechtips.com/topic/1590934-is-secretlab-titan-evo-good/,"Replaced my 7-yo Maxnomic last year, whose faux-leather was peeling off everywhere, for a Softweave Titan Evo XL. I find it a bit more"
https://www.tiktok.com/discover/secret-lab-chair-alternative,Discover the best alternatives to Secret Lab chairs for gaming and office comfort. Find ultimate ergonomic support without breaking the bank
https://chairsfx.com/gaming-chair-reviews/sexy-titan-evo-2023/,"The Secretlab Titan Evo is widely-regarded as one of the best gaming chairs in the world. Beyond its technical supremacy, it also boasts the"
https://secretlab.co.uk/pages/reviews,"""The leading gaming chair manufacturer has refined the design of its TITAN Evo 2022 Series to create a marked improvement over its 2020 Series,"
https://www.tiktok.com/discover/secret-lab-gaming-chair-vs-downx,Secret Lab Gaming Chair Vs Downx ; Secret Labs Gaming Chair Evo Lite Vs Evo · Secret Labs Gaming Chair Review · Secret Lab Pink Gaming Chair ; Secret Lab Gaming
https://www.tiktok.com/discover/secret-lab-gaming-chair-fortnite,"Some of you have said that the Secretlab TITAN Evo can feel a bit stiffer compared to other chairs. If you prefer something softer, the new TITAN Evo NanoGen™"
http://www.msn.com/en-xl/lifestyle/shopping/are-secretlab-gaming-chairs-worth-it/ar-AA18ZRX6?domshim=1&apiversion=v2&noservercache=1&renderwebcomponents=1&wcseo=1&batchservertelemetry=1&noservertelemetry=1,"The Titan Evo Lite knocks about $100 off the typical asking price of the Titan Evo but lacks adjustable internal lumbar support. Also, Secretlab's more budget-"
http://www.msrepresented.com/?g=1004090560739,Secretlab Discount Codes 1 Verified 60 Off Apr 2025. Secret lab deals chair competitor. Gaming Chairs Secretlab TITAN Evo Secretlab SG. Affordable secretlab
https://www.businessinsider.com/guides/deals/secretlab-cyber-monday-deals-2024-12,Secretlab's new Titan Evo Lite offers the major structure of its beloved Titan gaming chair with a lower price tag. That includes the same
https://www.facebook.com/Secretlab/?locale=zh_HK,"Proud to have your backs on stage with our flagship Secretlab TITAN Evo, calibrated for the highest levels of competitive play. ... Secretlab SKINS Lite for TITAN"
https://www.tiktok.com/@secretlab/video/7404706286945717520,Corsair T3 Rush Vs Secretlab Titan Evo · Secret Labs Magnus Pro Xl ... Now available for Secretlab SKINS Lite. Link in bio. #gundam
https://secretlab-australia.tenereteam.com/,Missing: strengths weaknesses -
https://chairsfx.com/gaming-chair-news/secretlab-esports-team-partners/,4-Way L-ADAPT Lumbar Support System. The Titan EVO is the only gaming chair with an integrated depth and height-adjustable lumbar support.
https://www.tiktok.com/@secretlab/video/7395829523100552468,"For elite players, consistency is key. @tenzofficial uses the Secretlab TITAN Evo at his own setup and on the VCT circuit — a comfortable and"
https://www.amazon.com/Noblerocker-Ergonomic-Headrest-Armrests-Comfortable/dp/B0BZRX13BQ,"(Protect your spine)Adjustable inside lumbar support closely aligns to your spine, ensures ideal posture, and applies enough pressure to support unique body shape."
https://www.tiktok.com/discover/secret-lab-singapore,Go seamlessly from work to play with the Secretlab TITAN Evo. Its ergonomic features accommodate different sitting positions like sitting
https://leadiq.com/c/secretlab/5a1dacb02300005b00a2103e,"Product Diversification Incorporating an array of gaming chair options like the TITAN Evo, Pro McLaren Edition, and MAGNUS desks, Secretlab caters to varying"
https://chairsfx.com/gaming-chair-news/secretlab-titan-xxs-for-kids/,That's because their legs are too short to reach the floor in a Titan Evo small chair (rated for sizes 4'11” to 5'6″). ... A footrest helps short
https://secretlab.co/pages/mclaren,"Engineered to meet the demands of high-speed competition, our chairs are built with only the most cutting-edge materials and the latest ergonomic technologies,"
https://cristinamramirez.com/?r=1004090560790,"Got secret lab chair sale. Details: Secretlab Global HQ and R D Centre SG Mark ZHSG Mark ZH best, Secretlabs titan replica any good r gamingchairs best,"
https://www.ubuy.com.gh/product/7CDCEYNWG-secretlab-titan-evo-2022-flash-gaming-chair-reclining-ergonomic-comfortable-computer-chair-with-4d-armrests-magnetic-head-pillow?srsltid=AfmBOorE8SKDY67KV3g56YF4AvsaWBB6T9RfzhN3nChKrhFfNsa_8-02,"Secretlab Titan Evo Dark Knight Gaming Chair - Reclining, Ergonomic, Comfortable Computer Chair with 4D Armrests, Headrest & Lumbar Support - Small -."
https://secretlab.sg/pages/liquid/1000,"""When you're competing at the highest level, comfort is one factor that cannot be overlooked. Secretlab chairs provide the high-quality design and comfort to help our athletes look and feel their best. By outfitting both our Alienware Training Facilities with Secretlab chairs, our players will also have the benefit of practicing with the same seating that they compete in on stage.""

Steve Arhancet and Victor Goossens Founders of Team Liquid

MAGNUS Desk Add-Ons

Team Liquid [...] Team Liquid is one of the oldest and most established esports organizations today. First founded in 2000 in the Netherlands, it has evolved into a leading international multi-game esports organization, with training centers around the world. Team Liquid now has over 80 athletes competing across 17 distinct games, including major esports titles such as Dota 2, League of Legends, CS:GO, Fortnite, Rainbow Six Siege, and more. [...] Led by Co-CEOs Steve Arhancet and Victor Goossens, Team Liquid is one of the most successful esports teams in the Western market in terms of competitive achievement and fan engagement across multiple sports.

Find out more at teamliquid.com.

Secretlab x Team Liquid"
https://www.facebook.com/techinasia/photos/secretlab-back-in-the-black-after-2-challenging-years-read-more-httpszprioykcgfp/933202292176111/,"The company moved into the budget market with the Titan Evo Lite, targeting a wider audience beyond high-end gaming chairs. • Secretlab's"
https://sea.ign.com/secretlab-gaming-chair-series/220108/deal/the-secretlab-black-friday-in-august-sale-kicks-off-up-to-100-off-gaming-chairs-and-desks,"Among the Titan chairs, the Titan Evo Lite is definitely the best value with its starting price tag of $419. It's built upon the same frame as"
https://www.techradar.com/gaming/gaming-accessories/the-secretlab-black-friday-sale-has-arrived-and-these-are-my-favorite-deals,"Secretlab makes some of the best gaming chairs and most comfortable gaming chairs on the market, most notably its Secretlab Titan Evo line. We"
https://secretlab.sg/pages/technology,"The Secretlab TITAN Evo is certified by United States Ergonomics to provide measurable ergonomic benefits to the user by improving comfort and fit and minimizing risk factors that may cause injuries. United States Ergonomics certification indicates that leading experts in the field of ergonomics back TITAN Evo. Experts have subjected TITAN Evo to rigorous, objective tests in adherence to guidelines established by the International Ergonomics Association. This ensures it meets or exceeds [...] The side wings on most gaming chairs adopt an aggressive curve of over 55°, forcing your shoulders forward into an unnatural position. The Secretlab TITAN Evo features a far gentler 30° slope, which follows the natural horizontal curve of your shoulders. It supports your shoulders, while still giving you room to move.

Full-Metal 4D Armrests with CloudSwap™ Replacement System [...] *SG Patent No. 10202107385U & US Patent No. US 12,042,059 B2

Shorter Class 4 hydraulics

We design our chairs for an optimal fit for as many people as possible. This means being able to set your feet flat on the floor, with your knees bent at roughly 90°.

A new, shorter hydraulic mechanism for the Secretlab TITAN Evo Size S and R accommodates an even wider range of heights, so you can plant your feet comfortably.

Advanced materials"
https://www.izvoz.mk/?i=204028722,"3 YEARS OF PROBLEMS Secretlab Titan Evo Long Term Review shop, Secretlab titan ... Lite BRUTALLY HONEST Review YouTube shop, Gaming ... marketing emails from izvoz."
https://www.hazaris.com/?h=467242612,Gaming Chair Features Secretlab TITAN Evo Lite Secretlab EU. Secretlab Titan 2020 eleven month review r secretlab. Secretlab TITAN 2020 Gaming
https://www.hazaris.com/?h=467241112,"Titan stealth prime 2.0 best sale, Secretlab TITAN Evo Lite Gaming Chair Review best sale."
https://www.dualshockers.com/secretlab-titan-evo-2022-review-a-titan-of-the-industry/,"The Secretlab Titan Evo 2022 receives an excellent 9 / 10 rating. It's almost perfect in every way, and the ways it isn't are arguably nitpicking small details."
https://nichedropshipping.com/?d=1252207234052,About this item. Ergonomic chair secret high-quality lab new arrivals. Ergonomic chair secret lab new arrivals. Gaming Chairs Secretlab TITAN Evo Secretlab US.
https://reguluskop.com/?r=452751312,"M3 Personalized deals, Gaming Chair Features Secretlab TITAN Evo Lite Secretlab ... Secretlab Omega Review After 2 Years Use Still Worth It deals. Next Day"
https://www.cgmagonline.com/review/hardware/secretlab-titan-evo-2022-review/,"The new Secretlab TITAN Evo 2022 is a wider, more comfortable chair that takes the classic formula the company has refined over the years and improved where it"
https://chairsfx.com/gaming-chair-reviews/secretlab-titan-minecraft/,Titan Evo 2022 Functionality ... The Titan's ergonomic features are better than any other gaming chair on the market. Two standouts deliver the
https://www.marrikah.com.br/?o=972844131093,"Secretlab Titan Evo Miss Fortune Gaming Chair Reclining Heavy Duty Computer Chair with 4D Armrests Magnetic Head Pillow Lumbar wholeselling, Secretlab TITAN Evo"
https://www.amazon.com/Secretlab-Titan-Stealth-Gaming-Chair/dp/B0B3RDWTDD,"ADJUSTABLE GAMER CHAIR THAT ADAPTS TO YOU - Full-metal 4D armrests for smooth, precise adjustments in four directions with world's first replaceable armrest top, full-length backrest with 165° recline and multi-tilt mechanism to give you full control of your chair's position, a 4-way built-in adjustable lumbar support gives your back the personalized support it needs."
https://secretlab.sg/pages/about-us,"Award-winning comfort. At a new, lighter price. The Secretlab TITAN Evo Lite has all the essential functions of our flagship TITAN Evo, bringing the core Secretlab experience to even more people. With the same ergonomic design profile as TITAN Evo, it continues to deliver long hours of sitting comfort.

Oct 2024

Secretlab TITAN Evo NanoGen™ Edition [...] The world’s first premium chair sleeves. Designed just for the Secretlab TITAN Evo Series. Adapted from the same soft, breathable fabric as our SoftWeave® Plus chairs, Secretlab SKINS give your TITAN Evo a brand new look in 3 minutes. Discover a world of limitless customization.

Jan 2024

Secretlab TITAN Evo Lite [...] Today, the Secretlab TITAN Evo is our most technologically advanced gaming chair to date, incorporating everything that we’ve learned over the years about what makes a supportive chair. But our growing team of engineers and researchers are never standing still — they’re back in the lab, working to bring you tomorrow’s groundbreaking technologies, today.

But a chair is so much more than something you sit on."
https://videoreddit.edu.vn/best-ergonomic-office-chairs-for-remote-workers-comfort-and-support-for-long-hours/,"A: Yes, many gaming chairs, like the Secretlab Titan Evo, offer ergonomic features suitable for office work. ... Analysis. June 1, 2024."
https://www.inkl.com/news/this-is-the-cheapest-way-to-buy-a-secretlab-gaming-chair,"With that in mind, the brand have launched this – the Secretlab Titan Evo Lite. It's said to be a chair which is more affordable, allowing"
https://www.reddit.com/r/ffxiv/comments/1dlwl1n/secretlab_interview_and_review_in_brief_of_final/,Missing: Lite analysis -
https://www.instagram.com/peterpandev/reel/C6vzoRAt5wZ/,My favourite feature is the tilt and lock mechanism which allows you to recline the backrest down to a full 165° angle to take a nap The
https://techjioblog.com/2023/02/23/review-secretlab-titan-evo-2022-chair/,"Review Overview

The Pros

The Cons

Summary

1 Comment

Great review of the Titan Evo 2022 chair! The detailed breakdown of its features, comfort level, and build quality provides valuable insights for potential buyers. Thanks for sharing your experience!

Leave a ReplyCancel reply

Looking for something?

Read more

Stay updated

Email Address

Subscribe

You Might Also Enjoy

Review: Dreame X50 Ultra Robot Vacuum

Review: Soundpeats Breezy – Wireless Open-Ear Adjustable Earbuds [...] TITAN Evo 2022 now features a pebble seat base, which in design is a combination of both seat bases from the 2020 OMEGA and TITAN. The end product is something that offers gently sloping sides combined with a roomy center sitting area which allows you to seat cross-legged. [...] Starting from S$574, the TITAN Evo 2022 is one of the pricier gaming chairs in the Singapore market. Having said that, the extra premium is due to better build quality and novel features added in Secretlab’s 2022 series. The new 4-way lumbar support is a improvement vs its predecessor, and while the magnetic head pillow and armrest may not offer immediate benefits, it can offer future upgrades down the line."
https://www.lurkit.com/games/titan/news,New Release: The Secretlab Titan Evo Lite Is Less Expensive Than the Titan Evo and Nearly As Good ... The new Titan Evo Lite is a budget gaming chair that packs a
https://www.cbr.com/dragon-ball-secretlab-new-gaming-chair-sleeve-release/,"Via a press release, Secretlab dropped its new SKINS Lite range of sleeves for its TITAN Evo Series gaming chairs on Nov. 8. The Lite range"
https://www.u-buy.co.uk/product/7P1OFTY1U-secretlab-titan-evo-2022-jinx-gaming-chair-reclining-ergonomic-amp-comfortable-computer-chair-with-4d-armrests-magnetic-head-pillow?srsltid=AfmBOoqwia_eG9oKO1zXV5gxNP9wDIAqwaejjCGDFhFgkyAYGwnKwYR3,Features & Benefits · Cold-cure foam promotes good posture for all-day comfort · Magnetic memory foam head pillow provides neck support and pressure relief · Full-
https://www.ubuy.co.no/en/product/7P1OFTY1U-secretlab-titan-evo-2022-jinx-gaming-chair-reclining-ergonomic-amp-comfortable-computer-chair-with-4d-armrests-magnetic-head-pillow?srsltid=AfmBOornvYZBEqoi3_dXOi1_AOWRzcg1A3SQoO7Z6N4ktm-RedJVqwR1,Features & Benefits · Cold-cure foam promotes good posture for all-day comfort · Magnetic memory foam head pillow provides neck support and pressure relief · Full-
https://www.u-buy.com.ng/product/7P1OFTY1U-secretlab-titan-evo-2022-jinx-gaming-chair-reclining-ergonomic-amp-comfortable-computer-chair-with-4d-armrests-magnetic-head-pillow?srsltid=AfmBOopJeryAhylZkz0-wZnzjlCQmpBdi6looWzimpVC0M1AJGKSaBax,Features & Benefits · Cold-cure foam promotes good posture for all-day comfort · Magnetic memory foam head pillow provides neck support and pressure relief · Full-
http://handknottedorientalrug.com/faq.html,"... features in order to achieve a better fit. Compared to the Secretlab OMEGA, the Secretlab TITAN Evo 2022 (Size Small) is sized to fit more petite"
https://bleedingcool.com/games/secretlab-reveals-new-gundam-products-in-latest-collaboration/,"Secretlab TITAN Evo RX-78-2 Gundam and MS-06S Char's Zaku II Editions come outfitted with all the ergonomic features of the Secretlab TITAN Evo. Whether they're building their collectibles or watching the anime, fans will find themselves comfortably supported for long hours. With gently sloping side wings, our proprietary sculpted pebble seat base guides you toward the middle for more uniform pressure distribution, while still giving you room to move. Switch between sitting upright, leaning to [...] vents and armor panels have been meticulously mapped from the RX-78-2 onto our chair, and then adapted to fit the unique contours of the seat to give it a truly mechanical look. Refresh your existing Secretlab TITAN Evo Series chair with Secretlab SKINS Lite premium chair sleeves. These are designed for an indistinguishable form and fit, allowing users to still benefit from every ergonomic curve — all while enjoying 360° protection against dirt and stains. [...] Featuring the white, blue, red, and yellow color palette of the RX-78-2, the TITAN Evo RX-78-2 Gundam Edition is carefully modeled after Amuro Ray's signature mobile suit. Its rear mirrors the shield of the RX-78-2, one of its primary and most recognizable armaments, complete with the logo of the Earth Federation Space Forces. Amuro Ray's pilot tag is stitched into the top of the chair, leveraging 3D embroidery for unmatched depth and detail — just like real-life aviation patches. Individual"
https://www.algeria.ubuy.com/en/product/7PF7NXDJA-secretlab-titan-evo-viego-gaming-chair-reclining-and-heavy-duty-computer-chair-with-4d-armrests-magnetic-head-pillow-and-lumbar-support-big-and-t,Features & Benefits · Cold-cure foam promotes good posture for all-day comfort · Magnetic memory foam head pillow provides neck support and pressure relief · Full-
https://mikeshouts.com/tag/secretlab/,"Secretlab Launches Slightly More Affordable Gaming Chair, Secretlab TITAN Evo Lite ... Secretlab is the first gaming chair maker and neither are they the first to"
https://www.migefurniture.com/should-i-buy-a-gaming-chair/,The Titan Evo offers extra perks beyond the standard features you'd expect from a high-end gaming chair—like 4D armrests and adjustable lumbar
https://gamerant.com/secretlab-final-fantasy-14-gaming-chair/,The Secretlab TITAN Evo Final Fantasy 14 Edition is an ergonomic seat designed with comfort in mind for long gaming sessions. The chair is
http://www.handknottedorientalrug.com/titan-evo-2022-series-2.html,TITAN Evo 2022 Series · Award-Winning Comfort · One chair. Three sizes. · Patent-pending cold-cure foam · Proprietary sculpted pebble seat base · Secretlab NEO™
https://www.lurkit.com/games/titan,New Release: The Secretlab Titan Evo Lite Is Less Expensive Than the Titan Evo and Nearly As Good. Fortnite Live Event Delayed: When is Titan Hand Event
https://prosettings.net/players/something/,"Secretlab Titan Evo Paper Rex Edition. Chair. Secretlab Titan Evo Paper Rex ... We research and provide accurate data, guides, analysis, and reviews on"
https://www.mugglenet.com/2017/08/almost-destroyed-world-defense-albus-potter/,"Thanks to its research-backed ergonomic design, including a proprietary 4-way adaptive lumbar support system, the Secretlab TITAN Evo Harry"
https://www.tiktok.com/@secretlab/video/7224091672873831681,"A peak rating of 2882. Unbroken since 2014. Magnus Carlsen, the greatest chess player of all time, chooses the Secretlab TITAN Evo — award-"
https://typewritercollector.com/?t=452888812,"... Features Secretlab TITAN Evo Secretlab US sales, TITAN 2020 vs. OMEGA 2020 How do the Secretlab chairs compare sales, Secretlab TITAN 2020 Gaming Chair"
https://www.gamesradar.com/hardware/chairs/should-you-buy-a-secretlab-gaming-chair-this-black-friday/,"Secretlab uses a steel frame for its Titan Evo with a reinforced aluminium wheelbase, which makes it very sturdy. On the downside, that can make it a tad heavy, but luckily the great caster wheels don't mean it's some bulky immovable object. Build quality comes into the various upholstery choices you have with Secretlab too, from leathers to softweave, you're getting premium materials in your chair.

Con: Price [...] There's a lot to like about Secretlab's chairs, but from assembling and sitting in loads of them at this point, the thing that's always stood out to me is this brand's build quality. You may have owned an office chair or a gaming chair before, and within a month or two, you might have already started to hear squeaks and creaks emanate when you sit yourself down in it. That's totally natural for any chair like this, but somehow, the Secretlab Titan Evo seems immune to it. [...] The good news is that those add-ons and accessories do exist, and allow you to make the Secretlab chair you buy a little more ""yours"". Each of the accessories and add-ons for the Titan Evo and the older Secretlab Omega are designed with precision and are easy to fit onto your product. Even the ergonomic recliner can be secured onto the underside of your chair in around five minutes or so. The headrest and armrest toppers snap directly onto your chair without the need for tools thanks to their"
https://www.mugglenet.com/2019/10/review-an-evening-with-jim-kay/,"Thanks to its research-backed ergonomic design, including a proprietary 4-way adaptive lumbar support system, the Secretlab TITAN Evo Harry"
https://www.thegamer.com/secretlab-mobile-suit-gundam-collab-char-aznable-amuro-ray/,"For those who already own a Titan Evo chair, and would rather not miss out on the collaboration, the company has revealed that two SKINS Lite"
https://www.mmorpg.com/hardware-reviews/world-of-warcraft-x-secret-lab-titan-gaming-chair-review-2000120049,"Summary and Final Thoughts · Excellent packaging and instructions, easy assembly with toolkit · Sturdy, high quality materials · Beautiful colors"
https://en.gundam.info/news/goods/01_16675.html,Secretlab's TITAN Evo series gaming chairs with designs based on the RX-78-2 Gundam and Char's Zaku II and RX-78-2 Gundam Edition and MS-06 Zaku
https://www.bbb.org/us/ny/new-york/profile/watch-dealers/secret-labs-llc-0121-155440/complaints,"... Secretlab MAGRGB XL Diffused RGB Strip, and Secretlab Magnetic Headphone Hanger. ... I ordered a secret labs titan evo lite xl chair it never showed up on my"
https://hypebeast.com/2024/8/secretlab-x-lamborghini-set-up-release-info,"This new collection introduces the Secretlab TITAN Evo chair in two vibrant colorways, Giallo Auge and Verde Selvans and expands the"
https://hardcoregamer.com/secretlab-announces-new-lamborghini-chairs-desk/,"The TITAN Evo is no slouch of a gaming chair, and with the initial launch of the Automobili Lamborghini designs, fans flocked to the line. Two"
https://www.tiktok.com/@secretlab/video/7439714924332387591,"A peak rating of 2882. Unbroken since 2014. Magnus Carlsen, the greatest chess player of all time, chooses the Secretlab TITAN Evo — award-"
https://basic-tutorials.com/reviews/peripherals/backforce-versus-secretlab-manual-labor-versus-e-sports-experience/,"The chairs are only equipped with 4D instead of 5D armrests and the lumbar support, which is integrated in the Titan models, can only be"
https://thepopinsider.com/secretlab-harley-quinn-launch/,"Secretlab has the goods every gamer needs, with chairs designed to keep you comfy on your next raid night. The Titan Evo chair is known for its"
https://lillybeautydevices.com/?l=467240912,"SECRETLAB CHAIR ACCESSORIES REVIEW Worth the money YouTube; Secretlab ... Secretlab AU hotsell, New Secretlab Titan Evo with a few accessories. It s a"
https://technical.city/en/rate-my-pc,DESK - SECRET LAB MAGNUS CORNER DESK CHAIR - SECRET LAB TITAN EVO. Hoàng Hải • 5 months ago. Please Rate My PC CPU: AMD Ryzen 5-3600. GPU: Radeon RX 6600 XT
https://www.ubuy.dj/en/product/7FXIDP8OW-secretlab-titan-evo-2022-ahri-gaming-chair-reclining-ergonomic-comfortable-computer-chair-with-4d-armrests-magnetic-head-pillow,"Equipped with fully adjustable 4D armrests, this chair provides customizable height, width, depth, and swivel settings, enhancing arm positioning for ultimate"
https://www.ubuy.cr/en/product/8QXQ034K8-secretlab-titan-evo-2022-k-da-all-out-gaming-chair-reclining-ergonomic-comfortable-computer-chair-with-4d-armrests-magnetic-head-pillow?srsltid=AfmBOoqav2j-bWGPe3U8l5gQg6T3OUEnoX3-mikc0k1Z71Dp8J2I52S4,"Secretlab Titan Evo KDA All Out Gaming Chair - Reclining - Ergonomic & Comfortable Computer Chair with 4D Armrests - Magnetic Head Pillow & Lumbar Support - Small - Black - Leatherette

KWD 21

Add an additional item worth KWD
                                                        60 to get Free Fast Shipping at
                                                    standard
                                                    shipping price. [...] 24/7 Support

24/7 Customer Support

Get your texts/emails answered in your native language

Download our App

TRUST ENSURED WITH

Ubuy Popular Stores

Copyright © 2025 Ubuy Co.                                All rights reserved. [...] CONGRATULATIONS! You
                                                    are eligible for Free Fast Shipping.

KWD 21



or Split it into 3 payments of KWD
                                                    7.00/month
                                                interest-free Learn more

Bought With Products

Customers who viewed this item also viewed

Stay Connected

QUICK LINKS

UBUY

PAYMENT

SHIPPING

Express ShippingFast Delivery

Standard Shipping10+ Business Days

CITIES COVERED"
https://www.tiktok.com/@peterpandeveloper/video/7444182893410225430,"Engineered for gamers, creators, and professionals alike, this chair combines ergonomic excellence with a sleek, modern futuristic design and"
https://www.tiktok.com/@secretlab/video/7288209225812036872,"5644 Likes, 82 Comments. TikTok video from Secretlab (@secretlab): “Upgrade your TITAN Evo with the edgy style of Secretlab SKINS Cyberpunk:"
https://www.instagram.com/navinspoetry_/reel/C61vVnAMSs_/,"Secretlab didn't send us anything for free...you'll see their Titan Evo chair, along with their desk & some accessories in this reel. In the"
https://nerdist.com/article/secretlab-skins-star-wars-jedi-cover-for-titan-gaming-chair/,And that's what Secretlab is capturing with their newly announced Secretlab SKINS Jedi Edition. This precision-fit chair sleeve fits right over
https://www.klarna.com/us/shopping/cl/cl1615/Gaming-Chairs/?man_id=234782,"Key features of Secretlab chairs ... Secretlab chairs are known for their ergonomic designs. They offer adjustable seat height, armrests, and backrests. This"
https://typewritercollector.com/?t=452796712,Secretlab TITAN Gaming Chair Review. Chair assembly and specifications Secretlab SG. Choosing the Right Secretlab Gaming Chair Size Secretlab Blog. Secretlab
https://www.gamesradar.com/hardware/chairs/i-recommend-this-gaming-chair-every-time-its-price-drops-and-memorial-day-sales-are-making-me-do-it-again/,"To me, the Corsair TC100 Relaxed is the perfect gaming chair for anyone who wants the benefits of a proper gaming seat, but who needs something a bit low-profile. Is your gaming space also your work-from-home setup? Nobody needs their snarky older colleagues commenting on the fluorescent yellow color of a CyberPunk liveried Secretlab Titan Evo. A gaming chair like the TC100 will prevent anyone from commenting on your gaming decor."
https://bleedingcool.com/games/secretlab-reveals-arkveld-edition-chair-for-monster-hunter-wilds/,Article Summary · Secretlab unveils Arkveld Edition chair inspired by Monster Hunter Wilds. · Features ergonomic design with research-backed
https://blog.secretlab.co/stories/iceiceice-how-do-i-get-better-i-play-and-play-and-play/,"We're kicking off our Secretlab Endorsers Series with a feature on iceiceice, fresh from his Dota 2 Asian Championship triumph."
https://www.howtogeek.com/long-gaming-sessions-gave-me-back-pain-heres-what-i-changed/,"Secretlab MAGNUS Pro desk with dual monitor mount and PC undermount. ... Having the right gear is a game-changer, but I knew it wasn't the whole"
https://blog.thegamersmall.com/top-10-gaming-chairs-2025-ultimate-comfort/,"Best For: Gamers & Professionals Seeking Premium Comfort

The Secretlab Titan Evo Lite redefines what it means to sit in luxury. Combining sleek design with cutting-edge ergonomics, this chair is engineered for long hours of gaming, work, or relaxation. With its patent-pending cold-cure foam seat base, integrated lumbar support, and fully adjustable 4D armrests, it’s no wonder Secretlab chairs are a favorite among gamers and professionals alike.

Why It Stands Out

Advantages

Drawbacks [...] The Secretlab Titan Evo Lite delivers everything you’d expect from a high-end gaming chair: superior comfort, customizable features, and premium materials. While it requires a bit of assembly and comes at a higher price point, its performance and style make it worth the investment for those seeking long-term comfort.

Stay tuned as we explore more of the Top 10 Best Gaming Chairs of 2025 —next up, a compact option designed for Best for All Day Comfort!

5. Razer Enki: Best for All Day Comfort [...] Where to Buy & Current Offers

Available in Stealth (Black & Red) and other color options, with sizes ranging from Regular to X-Large , ensuring a perfect fit for every user.

Who Should Buy This?

The Secretlab Titan Evo Lite is perfect for gamers, streamers, and professionals who demand premium comfort and durability . If you’re looking for a chair that combines ergonomic excellence with sleek design, this is an excellent choice.

Final Thoughts"
https://www.quora.com/What-should-I-get-first-a-good-monitor-or-a-better-chair-I-am-a-gamer,Popular options like the Secretlab Titan Evo or DXRacer cater to a variety of needs. ... The two weaknesses that we've seen are normal with
https://www.oneesports.gg/anime/link-click-season-2-release-date/?nes_article=31,"If you already have a Secretlab chair, Secretlab SKINS Lite provides compatible TITAN Evo Series chairs with protective sleeves. ... weaknesses"
https://secretlabchairs.ca/pages/faq,"TITAN Evo Lite packs the most essential functions of our flagship TITAN Evo. With the same proprietary pebble seat base and patent-pending cold-cure foam for long hours of sitting comfort, it delivers the award-winning Secretlab experience — at a more accessible price.

Check out our comparison page for a complete feature breakdown.

The weight limits for the Secretlab TITAN Evo and TITAN Evo Lite are found below:

Secretlab TITAN Evo

Secretlab TITAN Evo Lite [...] The gentle side wings on our full-length backrest also follow the natural horizontal curve of your shoulders. This allows for optimal support throughout the day — without ever restricting you to a single posture.

Learn more about how we design for ergonomic comfort.

The Secretlab TITAN Evo and TITAN Evo Lite share the same sizing dimensions. The flagship TITAN Evo is available in three sizes — Small, Regular and XL. The TITAN Evo Lite is available in Regular and XL, our most popular sizes. [...] The Secretlab TITAN Evo is our flagship ergonomic chair. It has all our most advanced ergonomic features and is designed for the ultimate in personalization and adjustability. With a built-in 4-way adjustable lumbar system, magnetic interchangeable armrest tops, and over 100 different designs to choose from, it offers deep customizations for a sitting experience tailored to you."
https://www.pcgamer.com/news/archive/2024/11/,... Secretlab Titan Evo Lite is the gaming chair I would actually buy ... strengths and weaknesses with each hero · Balatro's mobile release
https://www.gamesradar.com/corsair-t3-rush-gaming-chair-review/,"The casters - often an area of weakness on cheap gaming chairs ... Secretlab Titan Evo Lite on a purple background, next to a Best Deal"
https://www.instagram.com/ben.van.lier/p/Cm5gV4QLQrG/,"... strengths and weaknesses, and I'm finding homes for them ... A big thanks to @secretlab for the brand new Secretlab TITAN Evo 2022 XL!"
https://www.zdnet.com/home-and-office/home-entertainment/best-gaming-chair/,"Secretlab TITAN Evo 2022 Series. View now View at Secretlab. Razer ... strength, ultraviolet light resistance, color retention, and flame"
https://mothergoosehealth.storymd.com/search/stories?query=workplace%20ergonomics,"... weakness, and even long-term disability. If you ... For a mid-tier option, look into the Secretlab Titan Evo 2022. ... light. Poor lighting can cause eye"
https://nolfgirl.net/Unityhq/forums/topic/50050-the-best-gaming-chairs-in-2022/,"The Secretlab Titan is the benchmark by which we judge all other gaming chairs. To earn that role it ticked all the boxes you could ask of gaming furniture: it's comfy, supportive, and importantly looks great too. None of that has changed with the new Secretlab Titan Evo 2022, either, though it does pack a few great new features to keep ahead of the pack. [...] A big part of the Titan Evo's high level of comfort is the adjustable lumbar support, and it's a pretty neat system it offers. It works by extending and retracting an internal support both in and out and up and down, through the use of the two dials on the side. So not only are you not relying on an awkward pillow to prop up your back, you can actually tweak the Titan Evo's lumbar support while you're still sat on it. This makes it exceptionally easy to get just right. [...] User-friendly ergonomics make the Titan Evo 2022 a great fit for long nights gaming or eight hours tapping away for work, and that comes down to its superb built-in back support. It's highly adjustable, which means you can nail down a great fit with ease. There's also something to be said for the 4D armrests, comfortable seat rest, and magnetic head cushion."
https://storymd.com/story/8okmplDUjq-ergonomics-is-your-bodys-best-defense-against-repetitive-strain-injuries,"For a mid-tier option, look into the Secretlab Titan Evo 2022. Knees, hips and thighs. Make sure your thighs are parallel to the floor, and"
https://www.geeksforgeeks.org/best-gaming-chairs/?ref=ml_lbp,"The Secretlab Titan Evo 2024 stands out for its impressive ergonomic design, making it the best-rated gaming chair for comfort and customization"
https://hardcoregamer.com/new-study-reveals-foam-gaming-chairs-may-have-advantages-over-mesh-office-chairs/,"What was also included with the comparison was the pricing models. While the two chairs that were tested were the Andaseat Kaiser 3, which offers the foam solution, and the Razer Fujin, which is a mesh chair specifically designed for gaming, the opportunity to include the Secretlab Omega series is also featured based on a previous review that can be viewed here. Additionally, we reviewed the Secretlab Titan Evo itself which can be seen here.

Secretlab TITAN Evo Lite Gaming Chair [...] aspects including comfort, subjective performance and seat pressure distribution in an eight hour blind test that included Secretlab's TITAN Evo and a premium mesh chair. [...] Chairs have expanded in usage in the modern era whereas office chairs that featured mesh were meant to stay at one desk for long periods. These chairs have evolved to offer different types of support for lumbar and adjustable sizes. Gaming chairs, such as the featured Secretlab TITAN Evo, can do the same things, but users tend to do more than just work. This is bleeding over into the office scene with the inclusion of virtual calls, video watching and even short naps at desks. The gaming chair"
https://www.reddit.com/r/secretlab/comments/18ei489/titan_evo_xl_very_weak_leanrocking_tension/,The tension for the lean/rocking position is VERY weak. This chair is supposed to be made for people up to 400lbs and I'm only 260lbs and barely notice any
https://www.ubuy.com.lb/en/product/IJIDGW7QG-secretlab-titan-evo-lite-in-black-prime-2-0-leatherette-gaming-chair-reclining-ergonomic-heavy-duty-computer-chair-with-4d-armrests?srsltid=AfmBOoowfThv1HUe76QyMEWsGM4ANfsWW65u4LmcPAU-f6tcCkOHeuns,"Secretlab Titan Evo Lite in Black Prime 2.0 Leatherette Gaming Chair - Reclining - Ergonomic & Heavy Duty Computer Chair with 4D Armrests & Lumbar Support - Black

KWD 21

Add an additional item worth KWD
                                                        60 to get Free Fast Shipping at
                                                    standard
                                                    shipping price. [...] 24/7 Support

24/7 Customer Support

Get your texts/emails answered in your native language

Download our App

TRUST ENSURED WITH

Ubuy Popular Stores

Copyright © 2025 Ubuy Co.                                All rights reserved. [...] CONGRATULATIONS! You
                                                    are eligible for Free Fast Shipping.

KWD 21



or Split it into 3 payments of KWD
                                                    7.00/month
                                                interest-free Learn more

Bought With Products

Customers who viewed this item also viewed

Stay Connected

QUICK LINKS

UBUY

PAYMENT

SHIPPING

Express ShippingFast Delivery

Standard Shipping10+ Business Days

CITIES COVERED"
https://www.popularmechanics.com/technology/gear/a32055360/best-gaming-chairs/,"It's no secret (pun intended) that Secretlab makes some of the highest-quality gaming chairs out there. The Titan Evo 2022, a more supportive"
https://ergonomictrends.com/secretlabs-titan-gaming-chair-review/,"Exceptional build quality with 5 – 10 years lifespan · Velvety feeling, strong PU leather upholstery · Wide 4D armrests · Decent built in lumbar"
https://www.tiktok.com/@sunflowerstardust/video/7053206479222082863,#gifted Thank you so much @Secretlab for this beautiful new Ahsoka Edition SKIN for my Titan EVO! ✨ Secretlab is having some pretty great
https://me.pcmag.com/en/game-controllers-accessories/16579/cooler-master-caliber-x2,"It has generous, firm padding and smooth, sturdy faux leather like the Secretlab Titan EVO, and its sliding lumbar cushion is secure and"
https://www.ubuy.za.com/product/59YA2GZOM-secretlab-titan-evo-2022-stealth-gaming-chair-reclining-ergonomic-comfortable-computer-chair-with-4d-armrests-magnetic-head-pillow-4-way?srsltid=AfmBOorymZAXvY29ceLhdcLi7t-_jlggg4hKDNWuPUv4jazfnTUGKCDU,"The chair's ergonomic design promotes proper posture, reducing fatigue during long gaming sessions, ensuring comfort and enhancing overall productivity and"
https://www.mugglenet.com/2003/12/the-burrow-power-tripping/,"Thanks to its research-backed ergonomic design, including a proprietary 4-way adaptive lumbar support system, the Secretlab TITAN Evo Harry Potter Edition"
https://www.tiktok.com/discover/secret-labs-foster-mills,"Plus, NanoGen hybrid leatherette feels super soft as well and is incredible to touch. My favorite part about the Titan Evo chairs is the 4-Way L-ADAPT lumbar"
https://www.mugglenet.com/2003/11/do-snape-and-harry-have-to-reconcile/,"Thanks to its research-backed ergonomic design, including a proprietary 4-way adaptive lumbar support system, the Secretlab TITAN Evo Harry Potter Edition"
https://www.tiktok.com/@secretlab/video/7447062810397297938,"comfort whenever I want to lift my legs. It has an adjustable headrest. with different heights and angles, and a breathable backrest with lumber"
https://www.tiktok.com/@tiktokfindsofficialshop/video/7487386317706267912,"... benefits, comfortable gaming chair options, chair comfort ... The Secretlab TITAN Evo Giyu Edition features an innovative color"
https://www.facebook.com/Secretlab/posts/were-thrilled-to-be-at-florida-supercon-pop-over-to-the-secretlab-booth-and-feel/904670475033949/,"The Secretlab TITAN Evo in Plush Pink SoftWeave® Plus Fabric wraps you in versatile ergonomic support — so you can game, work, and unwind in"
https://www.ubuy.dk/en/product/7PF7NXDJA-secretlab-titan-evo-2022-viego-gaming-chair-reclining-heavy-duty-computer-chair-with-4d-armrests-magnetic-head-pillow-lumbar-support?srsltid=AfmBOooWZBcJ9VPsfQQLgVDJbObY9nIvKJ9Xr42q6pJ2ME1Xv3IHURfm,"ADJUSTABLE GAMER CHAIR THAT ADAPTS TO YOU - Full-metal 4D armrests for smooth, precise adjustments in four directions with world's first replaceable armrest top, full-length backrest with 165° recline and multi-tilt mechanism to give you full control of your chair's position, a 4-way built-in adjustable lumbar support gives your back the personalized support it needs."
https://www.pcgamesn.com/best-gaming-desk,"Secretlab Magnus Pro – best overall. 2. Flexispot E8 – best value. 3 ... Titan Evo gaming chairs. Outside of solid construction, the key"
https://srinageshclinic.com/zeb.php?Zcxq=erWR367929699&cid=177&m=1&g=2,"This guide aims to shed light on common pituitary disorders, their symptoms, diagnosis, and treatment options. ... white secret lab chair Secretlab TITAN Evo 2022"
https://www.tiktok.com/@raypangyh/video/7324126027297344769,"In this test, I compare its low-light video capabilities against the Z5 using N-Log at different ISOs. ... The Secretlab TITAN Evo Giyu Edition"
https://www.tiktok.com/@the.wacky.duo/video/7102293246537125121,Lun Lun Light and cute [1 loop](842944) - Azuline. 4Likes. 0 ... The Secretlab TITAN Evo Giyu Edition features an innovative color
https://geekculture.co/secretlab-assassins-creed-gaming-chair-collection/,"Or any Steam sale, really. Assassin's Creed Gaming Chair Secretlab Secretlab Assassin's Creed Edition Secretlab Titan Evo 2022 Ubisoft · 'The"
https://progamingchair.com/category/nitro-concepts/,"The cushion has a pleasant hardness, is not as hard as noblechairs or Secretlab and is at the same time slightly firmer than DXRacer or AKRacing. A good"
https://www.tiktok.com/@tiktokfindsofficialshop/video/7490414077685058834,Ceiling light !!! original sound - MOMMY DHEA. 2Likes. 1Comments. 1 ... The Secretlab TITAN Evo Giyu Edition features an innovative color
https://www.tiktok.com/@videogamer/video/7236022900988431643,Compatible with Secretlab TITAN Evo and Classics Series. Now ... How to reverse at the speed of light in Big Rigs Over The Road Racing
https://www.imdb.com/name/nm13803935/news/,"The Secretlab Titan Evo Dragon Ball Z Goku Edition chair has been revealed as the company's first chair based on Dragon Ball Z , just in time to join in on the"
https://www.tiktok.com/@evytherat/video/7475036535042084118,... secretlab TITAN Evo R #ultrawide #dreamsetup #standingdesk ... (light grey) UNIQLO puffertech compact jacket (beige puffer) . shoes
https://www.tiktok.com/@flourishplanner/video/7309226340643835179,... secretlab TITAN Evo R #ultrawide #dreamsetup #standingdesk ... The difference between having a monitor light vs not having one if
https://www.tiktok.com/@rosemarie_molina00/video/7407752588784864520,"""Upgrade your gaming room with Light Angel Koko PegBoard! ... The Secretlab TITAN Evo Giyu Edition features an innovative color"
https://www.tiktok.com/@posturestars/video/7152823970377649413,Exactly what my Harry Potter office needed: this @secretlab TITAN Evo Harry Potter edition chair! I have never assembled anything before
https://www.quora.com/Which-gaming-chair-is-the-best-for-a-person-with-a-heavy-weight,"Secretlab Omega Series:Features: Cold-cure foam padding, multi-tilt mechanism, full-length backrest recline, adjustable armrestsMaterial: PU"
https://www.tiktok.com/@threeologie/video/7328832387318549802,... secretlab TITAN Evo R #ultrawide #dreamsetup #standingdesk ... Square Tablecloth by uxcell 51x51inch Light Grey Cotton Linen with Tassels.
https://www.tiktok.com/@gaetanoabatemarco/video/7061967059994905861,"as Secret Lab offers. They have some from like Valorant to Batman to attack on Titan, so you can really quickly and easily change the look of"
https://www.tiktok.com/discover/autofull-vs-secretlab,"I feel the frame immediately. It doesn't have the same sides. like you see on most gaming chairs, but that means if you're a wider person. or you wanna do like"
https://www.instagram.com/ben.van.lier/,"The TITAN Evo XL has a built-in 4-way L-ADAPT Lumbar Support, which means the lumbar support moves up and down and in and out, so I can effortlessly adapt it to"
https://geekculture.co/secretlab-skins-lite-series-embraces-affordable-customisation-with-6-designs/,"Starting at US$99 (S$129), the lineup includes six new looks inspired by Arcane, World of Warcraft, and Dragon Ball Z, alongside existing designs."
https://secretlab.eu/pages/softweave?srsltid=AfmBOoqPnxctVNqtwpMbwT_IDWXkLDrn4Tdh3hAQqvwvw3NU07gbAUDi,"Discover our signature blend of fabric, engineered to deliver unrivaled breathability and incredible durability. Grab your Secretlab SoftWeave® Plus chair"
https://www.tiktok.com/@heyitsmomochan/video/7388531088865512709,"Super loud, got your back. Physically. Uh, very, very good chair. I've been using secret lab chairs for the longest time ever. It is very, very"
https://www.tiktok.com/@zikrishukeri/video/7444552801092422913,"everything on this is pretty much adjustable, including the headrest, and this thing's definitely. built a lot better than a normal gaming chair"
https://www.facebook.com/LinusTech/posts/secret-shopper-2025-is-gonna-be-good-floatplane-will-get-the-four-episodes-48-ho/1246264636869265/,"* Seamless Display: There would be no visible lines or gaps between pixels, resulting in a perfectly smooth and continuous image. * Potentially"
https://organizer.ro/category/gaming-accessories/,"The armrests have a more limited 2D motion compared to that more premium seat (that's vertical plus three rotated positions), which is fair for the price and is"
https://progamingchair.com/author/stuhlboys66/,"Namely, the armrests, the backrest adjustability to the nearest millimeter (has advantages and disadvantages), the variable intensity of its own kind rocking"
https://www.tiktok.com/@miamisportschiroandyoga/video/7193414714594954539,"It's just too much. pressure and compression on the knees. So I like it as an alternate chair, and I think it's a worthwhile alternate chair."
https://uk.pcmag.com/game-controllers-accessories/146621/cooler-master-caliber-x2,"The head cushion is the Caliber X2's most significant weakness, with the angled sides of the chair's top making the elastic band susceptible to"
https://www.tiktok.com/@kayesa.rt/video/7222949279566925083,"It has a full mesh design, so very readable. Also both adjustable you arm and headrest. Has a seat sliding function. Also now you can show."
https://topgamingchair.com/review/respawn-rsp-110-racing/,"If you only have a few hundred dollars to spend on an ergonomic chair for work or gaming, this is a really nice option. It has everything I"
https://www.tiktok.com/@secretlab/video/7427057133100862727,Or take control of the Red Comet with the Secretlab TITAN Evo MS-06S Char's Zaku II Edition. ... Now available for Secretlab SKINS Lite.
https://www.instagram.com/secretlab/reel/DFLCAOui_jn/,"Windows Central hails the Secretlab TITAN Evo NanoGen™ Edition as “an excellent chair in every category,” built on “tens of thousands of hours"
https://www.tiktok.com/@secretlab/video/7161468312600268033,the Secret Lab tied in Evo 2022. is the most technologically advanced chair. that we have ever made. with different colorway options. made
https://origano-leith.co.uk/?k=814885700529,Secretlab Titan EVO Gaming and Office $66. Smart Garden Musical Snow Globe $42. Marquee Piece Wicker Setting reviews $63. Support. Contact Us · Shipping &
https://www.ign.com/articles/secretlab-spring-day-sale-2025-best-deals-on-titan-gaming-chairs,"In our Secretlab Titan Evo review, Chris Coke wrote that ""after two years of daily use, the Secretlab Titan Evo has proven that it can stand the test of time and still be one of the best gaming chairs you can buy. Meaningful ergonomics paired with Secretlab’s wide selection of designs, it remains a fantastic option, especially for fans of bright colors or designs.""

Secretlab Titan 2020

Secretlab Titan 2020 [...] Among the Titan chairs, the Evo Lite is definitely the best value with its starting price tag of $419, or a full $100 less than the base model Titan Evo. It's built upon the same frame as the Titan Evo and has the same core features like the cold-cure foam cushioning, lumbar, 165 degrees of recline, and 4D armrests. What it compromises on is customization, with ""only"" two upholstery options, two sizes, and five colors, a non-adjustable lumbar system, simpler arm rests, and no included head [...] Secretlab's new recliner add-on is available for anyone who already owns the Titan Evo chair. In our recliner add-on review, Chris Coke wrote that ""while both comfort and value are subjective things, the recliner is able to take the Titan Evo and transform it from one of the best racing style gaming chairs to standing head and shoulders above the competition at its price point. It’s novel enough that I wouldn’t be surprised to see other brands following suit in the near future. If you don’t"
https://www.ign.com/articles/secretlab-titan-evo-2022-review,"It’s really the culmination of these upgrades that really make the chair feel fresh and new (as well as a couple of small changes to assembly which I’ll get to soon), but the Titan Evo has everything else you would expect from a Secretlab chair. That means the ability to recline to a near lay, being able to adjust the tension of your rocking motion, and locking the chair into different angles if you like to put your feet up while gaming. [...] Verdict

The Secretlab Titan EVO is the first gaming chair in years that really feels like an evolution of the formula while still keeping the stylish racing-seat look. It may be expensive, but the benefits in all-day comfort are well worth the added cost.

In This Article

Secretlab Titan Evo Review

More Reviews by Chris Coke [...] The Titan Evo is a brand new release for Secretlab, consolidating the Omega and Titan lines into one – available in Small, Regular, or XL sizes. The overarching look is familiar if you’ve seen a racing chair before, and that’s by design. Even though the Evo line changes many aspects of the design and adds meaningful ergonomic features, one thing that’s not lost is style. These are chairs made to carry through everything gamers love about gaming chairs and to improve everything they don’t."
https://www.reddit.com/r/secretlab/comments/1dqgzme/titan_evo_review/,"The Secretlab Titan Evo chair is not worth the investment. It fails to deliver on comfort, build quality, and customer support."
https://www.ubuy.com.ly/en/product/IJHT3GKBK-titan-evo-lite-in-black-prime-2-0-leatherette-gaming-chair-reclining-ergonomic-heavy-duty-computer-chair-with-4d-armrests-lumbar,"The chair was praised for its sturdy build and easy assembly, with the packaging being well-designed and the instructions being simple to follow. The individual"
https://www.psomiadishome.gr/?p=203904322,Use Secretlab Titan Chair Multi function Tilt Lock To Relax; Secretlab Titan EVO 2022 Series Review PCMag; Secretlab TITAN Evo Product Usage Guide; Secret lab
https://humboldt.ca/?n=1285530200376,"Secretlab TITAN Evo Stealth Gaming Chair Reclining Ergonomic excellent ... Lite Is Less Expensive Than excellent, X Rocker Playstation Legend Audio"
https://secretlabchairs.ca/pages/titan-evo-2022-series%20,"A black ergonomic gaming chair from Secretlab, featuring prominent branding on the headrest and backrest. Three black Secretlab gaming chairs are displayed,"
https://www.tiktok.com/@secretlab/video/7247525925544398081,"Physically. Uh, very, very good chair. I've been using secret lab chairs for the longest time ever. It is very, very comfortable. They"
https://www.escape-plan-cloppenburg.de/?a=760972150845,"Gaming Chairs Secretlab TITAN Evo Secretlab SG shoponline, Secretlab fabulous titan 2024 softweave buying gaming shoponline, Secretlab excellent KDA Omega"
https://www.webtech-evolution.com/?e=208009822,secretlab Well worth the money completely configurable. Sturdy and just a dream. ... Neue Which is the Better Buy sales. Increased inherent stability; Smooth
