url,content,useful,usefulness2,sentiment
https://www.t3.com/reviews/secretlab-titan-evo-lite-review,The Secretlab Titan Evo Lite is a brand-new chair from one of the biggest names in gaming chairs,1,"1
","neutral.

the text is simply descriptive. it states facts about the chair and the company, but doesn't express any positive or negative feelings about them.
"
https://www.t3.com/reviews/secretlab-titan-evo-lite-review," It is designed to offer ""95% of the premium experience"" of the Secretlab Titan Evo for ""20%",1,"1
","positive.

**reasoning:**

the phrases ""95% of the premium experience"" and ""20%"" (implying a significantly lower price) both indicate a positive sentiment. the text is highlighting a good value proposition – getting almost the same high-quality experience for a fraction of the cost. this is generally seen as a positive thing.
"
https://gamerant.com/secretlab-titan-evo-lite-chair-review/,"As Secretlab explains, the chair features 95% of the TITAN Evo's features, only at 20% less cost to gamers",1,"1
","the sentiment of the text is **positive**.

here's why:

*   **focus on benefits:** the text highlights the benefits of the chair - it has most of the features of a more expensive model but at a significantly lower price.
*   **value proposition:** the phrase ""20% less cost to gamers"" directly suggests a good deal and value for money, which is a positive aspect."
https://gamerant.com/secretlab-titan-evo-lite-chair-review/," And in our testing, the TITAN Evo Lite doesn't feel like a downgrade at all",1,"1
","positive
"
https://www.gamespot.com/articles/secretlabs-new-gaming-chair-is-more-budget-friendly-still-high-quality/1100-6520551/,"Overall, Secretlab's Titan Evo Lite is a fantastic gaming chair at its price point",1,"1
","positive
"
https://www.gamespot.com/articles/secretlabs-new-gaming-chair-is-more-budget-friendly-still-high-quality/1100-6520551/," Though the original Titan Evo has a bit more versatility, the Lite offers many of the most impactful features",1,"1
","neutral
"
https://www.hardwarezone.com.sg/review-secretlab-titan-evo-lite-review-premium-gaming-chair-thats-friendlier-wallet,"Starting from S$519, Secretlab says this new variant is ""designed to offer a more accessible price point, without compromising the quality and comfort"" that the Titan Evo chairs are known for",1,"1
","neutral.

while the text mentions ""quality and comfort,"" it's primarily focused on the price point and accessibility of a new product. there's no strong positive or negative emotion expressed. it's a factual statement about the product's features and intended market position.
"
https://www.hardwarezone.com.sg/review-secretlab-titan-evo-lite-review-premium-gaming-chair-thats-friendlier-wallet, The Titan Evo goes lite,1,"1
","neutral.

the text ""the titan evo goes lite"" simply states a change in a product. it doesn't express any positive or negative feelings about this change. ""lite"" could be interpreted in different ways (e.g., lighter, less expensive, fewer features), without inherently implying a positive or negative sentiment.
"
https://www.hardwarezone.com.sg/review-secretlab-titan-evo-lite-review-premium-gaming-chair-thats-friendlier-wallet," At a glance, the Titan Evo Lite looks identical to its more expensive predecessor",1,"1
","neutral
"
https://secretlab.eu/sv/products/titan-evo-2022-series,Customer Reviews ,1,"1
","neutral.

the text ""customer reviews"" simply indicates the topic being discussed and doesn't express any sentiment on its own.
"
https://secretlab.eu/sv/products/titan-evo-2022-series,"9 Based on 52,709 Reviews",1,"1
","neutral
"
https://www.pcmag.com/reviews/secretlab-titan-evo-lite,"It lacks the standard EVO's adjustable lumbar support and uses upholstery materials last seen in the 2020 Titan line, but the Titan EVO Lite is a sturdy and comfortable chair for long gaming sessions",1,"1
","**mixed/neutral leaning slightly positive.**

here's why:

*   **negative:** ""it lacks the standard evo's adjustable lumbar support"" and ""uses upholstery materials last seen in the 2020 titan line"" are clearly negative points, indicating cost-cutting or downgrading of features.
*   **positive:** ""sturdy and comfortable chair for long gaming sessions"" is a strong positive statement, directly addressing the core functionality and benefit of the chair.
* the positive is stronger in this context: a chair's primary function is comfort and sturdiness. if it's good at this, people will be satisfied, even if it lacks some bells and whistles.

because comfort and sturdiness are core needs for a chair, and the text says it delivers on those aspects, the overall sentiment is **neutral, leaning slightly positive**.
"
https://www.tomshardware.com/reviews/secretlab-titan-evo-2022-review-superior-gaming-chair,"The Secretlab Titan Evo 2022 is a firm gaming chair that supports your back in all the right ways, including a lumbar support system you can place at just the right height and firmness",1,"1
","positive
"
https://geekculture.co/geek-review-secretlab-titan-evo-lite-gaming-chair/,"An entry-level gaming chair for those starting out their gaming indulgence, the chair delivers comfort and support with slightly scaled back features, but at a more affordable price point starting from S$519",1,"1
","**neutral**

here's why:

*   **positive aspects:** ""comfort and support"" are positive.
*   **negative aspects:** ""slightly scaled back features"" is a drawback.
*   **neutral aspects:** ""entry-level"" and ""starting out"" are descriptive, not inherently positive or negative. ""affordable price point"" is positive, but the price of s$519 is not necessarily considered affordable by all.

the text balances positive and negative aspects, making the overall sentiment lean towards neutral. it objectively describes the chair and its features.
"
https://geekculture.co/geek-review-secretlab-titan-evo-lite-gaming-chair/," The chair bears some similarities to the 2022 Secretlab Titan Evo, but streamlines its best features for a comfortable gaming experience",1,"1
","positive.

**reasoning:**

the text highlights positive aspects such as:

*   ""streamlines its best features"" - this implies that the chair is improving upon existing features, which is a positive sentiment.
*   ""comfortable gaming experience"" - this explicitly states a positive outcome of using the chair.

while it mentions a comparison (""some similarities""), the comparison itself is not negative, and the following statement focuses on the positive benefit of comfort.
"
https://www.amazon.com/Secretlab-Titan-Black-Leatherette-Gaming/dp/B0CR6GJQ58,Secretlab Titan Evo Lite in Black Prime 2,1,"1
","neutral.

the text is simply a product name. without any additional context or opinion, it's impossible to determine sentiment.
"
https://www.amazon.com/Secretlab-Titan-Black-Leatherette-Gaming/dp/B0CR6GJQ58,0 Leatherette Gaming Chair - Reclining - Ergonomic & Heavy Duty Computer Chair with 4D Armrests & Lumbar Support - Black Visit the Secretlab Store 4,1,"1
","neutral
"
https://www.amazon.com/Secretlab-Titan-Black-Leatherette-Gaming/dp/B0CR6GJQ58,3 out of 5 stars 55 ratings,1,"1
","neutral
"
https://secretlab.co/pages/reviews,Secretlab TITAN Evo Lite,1,"1
","neutral.

the text is simply a product name. without any further context or description, it's impossible to determine any sentiment.
"
https://secretlab.sg/pages/titan-evo-lite,The Secretlab TITAN Evo Lite is built from the same performance DNA as our flagship TITAN Evo,1,"1
","neutral
"
https://secretlab.sg/pages/titan-evo-lite," Engineered to provide the core Secretlab experience trusted by over 3 million users worldwide, the TITAN Evo Lite retains the same science-backed ergonomic design for support in all the right places",1,"1
","**positive**

**reasoning:**

*   **""trusted by over 3 million users worldwide""**: this indicates a high level of satisfaction and positive reputation.
*   **""science-backed ergonomic design""**: this suggests careful design and quality, aiming for user comfort and well-being.
*   **""support in all the right places""**: this directly implies a positive user experience and benefit.
*   **""engineered""**: suggests precision and purposefulness.

the text focuses on the product's positive attributes, user trust, and well-designed ergonomics.
"
https://secretlabchairs.com.au/pages/titan-evo-lite,The Secretlab TITAN Evo Lite is built from the same performance DNA as our flagship TITAN Evo,1,"1
","neutral
"
https://secretlabchairs.com.au/pages/titan-evo-lite," Engineered to provide the core Secretlab experience trusted by over 3 million users worldwide, the TITAN Evo Lite retains the same science-backed ergonomic design for support in all the right places",1,"1
","positive.

**reasoning:**

the text uses language that suggests a positive sentiment:

*   ""trusted by over 3 million users"": this indicates a high level of satisfaction and confidence in the product.
*   ""science-backed ergonomic design"": this emphasizes the quality and effectiveness of the product's design.
*   ""support in all the right places"": this highlights a key benefit of the product, suggesting comfort and well-being.

these phrases create an overall impression that the product is well-regarded, effective, and beneficial to users.
"
https://secretlab.co/pages/titan-evo-lite,The Secretlab TITAN Evo Lite is built from the same performance DNA as our flagship TITAN Evo,1,"1
","neutral
"
https://secretlab.co/pages/titan-evo-lite," Engineered to provide the core Secretlab experience trusted by over 3 million users worldwide, the TITAN Evo Lite retains the same science-backed ergonomic design for support in all the right places",1,"1
","positive.

the text highlights trust (""trusted by over 3 million users""), emphasizes a positive feature (""science-backed ergonomic design for support""), and suggests quality (""core secretlab experience""). all of these contribute to a positive sentiment.
"
https://www.pcgamer.com/secretlab-titan-evo-2022-review/,The Titan Evo 2022 is Secretlab firing on all cylinders,1,"1
","positive
"
https://www.pcgamer.com/secretlab-titan-evo-2022-review/, It's a wonderfully comfortable chair for long periods of working or gaming and clever new features such as a magnetic head rest put it a,1,"1
","positive
"
https://www.reddit.com/r/secretlab/comments/17xljji/titan_evo_2022_r_review/, The Titan Evo is a great gaming chair that sacrifices some comfort for nice aesthetics,1,"1
","**neutral**

the text presents both positive (""great gaming chair,"" ""nice aesthetics"") and negative (""sacrifices some comfort"") aspects. it doesn't lean strongly enough towards one side to be considered definitively positive or negative overall. therefore, a neutral sentiment is the most accurate representation.
"
https://www.youtube.com/watch?v=xEjs2lI5w18,ly/2XpMb5qToday I'm reviewing the new Secretlab Titan Evo Lite softweave gaming chair which to my surprise m,1,"1
","based on the provided snippet, the sentiment is **positive**.

here's why:

*   ""ly/2xpmb5qtoday i'm reviewing the new secretlab titan evo lite softweave gaming chair which to my surprise m..."" - the phrase ""to my surprise"" suggests that the reviewer is about to express a positive experience or feeling that they didn't expect. this implies the chair may have exceeded expectations."
https://secretlab.co.uk/products/titan-evo-2022-series?sku=M07-E24PU-AKALI3R," Personalized ergonomics and world-leading comfort, all in one gaming chair",1,"1
","positive
"
https://secretlab.co.uk/products/titan-evo-2022-series?sku=M07-E24PU-AKALI3R, Customer Reviews ,1,"1
","neutral.

the text ""customer reviews"" simply indicates the topic of discussion. it doesn't convey any positive or negative sentiment itself. it's just a label.
"
https://www.ign.com/articles/best-gaming-chair-deals-2024-secretlab-titan-evo-lite-2,Check out our Secretlab Titan Evo Lite review for more details,1,"1
","neutral
"
https://www.ign.com/articles/best-gaming-chair-deals-2024-secretlab-titan-evo-lite-2, Secretlab Titan Evo Lite Gaming Chair Starting at $449,1,"1
","neutral
"
https://www.ign.com/articles/best-gaming-chair-deals-2024-secretlab-titan-evo-lite-2, Secretlab Titan Evo Lite Gaming Chair,1,"1
","neutral
"
https://www.ign.com/articles/best-gaming-chair-deals-2024-secretlab-titan-evo-lite-2, $449,1,"1
","neutral.

a price alone doesn't convey any sentiment. it's simply a numerical value.
"
https://chairsfx.com/gaming-chair-reviews/secretlab-titan/,See how the Secretlab Titan Evo compares against high-end office chairs,1,"1
","neutral
"
https://chairsfx.com/gaming-chair-reviews/secretlab-titan/," An unfiltered Titan Evo review with pros, cons, and expert insights",1,"1
","neutral.

the text describes a review, mentioning pros and cons, which suggests a balanced perspective. while ""expert insights"" might lean slightly positive, the overall tone is objective and informative rather than expressing a strong positive or negative sentiment.
"
https://chairsfx.com/gaming-chair-reviews/secretlab-titan/, The Titan Evo redefined gaming chair comfort with three groundbreaking features,1,"1
","positive
"
https://chairsfx.com/gaming-chair-reviews/secretlab-titan/," First, its integrated, height x depth adjustable lumbar provides precise support for your lower back",1,"1
","positive. the text highlights a feature that provides ""precise support"" which is generally viewed as a desirable and beneficial quality.
"
https://secretlab.my/products/titan-evo-2022-series," Personalized ergonomics and world-leading comfort, all in one gaming chair",1,"1
","positive
"
https://secretlab.my/products/titan-evo-2022-series, Secretlab TITAN Evo Lite ,1,"1
","neutral
"
https://secretlab.my/products/titan-evo-2022-series," All the core features, for less Chair Add-Ons",1,"1
","neutral
"
https://secretlab.my/products/titan-evo-2022-series, Ergonomic Recliner Add-On New,1,"1
","neutral.

while ""ergonomic"" might be seen as a positive attribute, the text itself is simply descriptive and doesn't express any particular feeling or opinion. it reads like a product listing title.
"
https://www.amazon.com/Secretlab-Titan-Stealth-Leatherette-Gaming/dp/B0CR6DYX5W,com: Secretlab Titan Evo Lite in Stealth Prime 2,1,"1
","neutral.

the text is simply a product description and doesn't express any positive or negative emotion.
"
https://www.amazon.com/Secretlab-Titan-Stealth-Leatherette-Gaming/dp/B0CR6DYX5W,0 Leatherette Gaming Chair - Reclining - Ergonomic & Heavy Duty Computer Chair with 4D Armrests & Lumbar Support - Black & Red : Home & Kitchen ,1,"1
","neutral
"
https://www.amazon.com/Secretlab-Titan-Stealth-Leatherette-Gaming/dp/B0CR6DYX5W, Customer Reviews — — — — Price — — — — Recommended Height and Weight ,1,"1
","neutral.

the text simply lists categories of information, without expressing any positive or negative opinions or emotions.
"
https://www.amazon.com/Secretlab-Titan-Stealth-Leatherette-Gaming/dp/B0CR6DYX5W," 5'7"" - 6'2"" | < 220lbs",1,"1
","neutral.

this text provides height and weight information. it doesn't express any opinion or feeling, so it's neutral.
"
https://secretlab.sg/products/titan-evo-2022-series," Personalized ergonomics and world-leading comfort, all in one gaming chair",1,"1
","positive
"
https://secretlab.sg/products/titan-evo-2022-series, Customer Reviews ,1,"1
","neutral.

""customer reviews"" is simply a label or category and doesn't express any sentiment on its own. it indicates that reviews exist, but not whether those reviews are positive, negative, or a mix of both.
"
https://secretlab.co.nz/products/titan-evo-2022-series," Personalized ergonomics and world-leading comfort, all in one gaming chair",1,"1
","positive
"
https://secretlab.co.nz/products/titan-evo-2022-series, Secretlab TITAN Evo Lite ,1,"1
","neutral
"
https://secretlab.co.nz/products/titan-evo-2022-series," All the core features, for less Chair Add-Ons",1,"1
","neutral.

while ""less"" might seem negative on its own, in the context of pricing it suggests a positive aspect (lower cost). however, the overall phrase is still just presenting a fact/offer without expressing a clear positive or negative emotion.
"
https://secretlab.co.nz/products/titan-evo-2022-series, Ergonomic Recliner Add-On New,1,"1
","neutral
"
https://secretlabchairs.ca/products/titan-evo-2022-series," Personalized ergonomics and world-leading comfort, all in one gaming chair",1,"1
","positive
"
https://secretlabchairs.ca/products/titan-evo-2022-series, Customer Reviews ,1,"1
","neutral.

""customer reviews"" as a title is simply descriptive. it doesn't convey any positive or negative sentiment on its own. it implies a collection of opinions, which could be any mix of positive, negative, or neutral.
"
https://www.pcmag.com/reviews/secretlab-titan-evo-2022-series,"The faux leather, R-sized Titan EVO we tested is sturdy, comfortable, and even slightly easier to assemble than most gaming chairs",1,"1
","**positive**

the text uses words like ""sturdy,"" ""comfortable,"" and ""easier to assemble,"" all of which indicate a positive experience with the product.
"
https://www.pcmag.com/reviews/secretlab-titan-evo-2022-series, Secretlab continues to stand out as making some of the best,1,"1
","positive
"
https://au.pcmag.com/game-controllers-accessories/104101/secretlab-titan-evo-lite,Secretlab is one of our favorite gaming chair manufacturers due to its excellent build quality and materials,1,"1
","positive
"
https://au.pcmag.com/game-controllers-accessories/104101/secretlab-titan-evo-lite," The company's chairs aren't cheap, though, with the Titan EVO (an Editors' Choice",1,"1
","neutral
"
https://secretlabchairs.com.au/products/titan-evo-2022-series," Personalized ergonomics and world-leading comfort, all in one gaming chair",1,"1
","positive
"
https://secretlabchairs.com.au/products/titan-evo-2022-series, Customer Reviews ,1,"1
","neutral.

""customer reviews"" itself doesn't convey any sentiment. it's simply a label or a title, indicating that customer feedback will be presented. the sentiment would come from the content *within* the reviews themselves.
"
https://www.gamesradar.com/secretlab-finally-has-a-new-gaming-chair-and-its-a-bit-lighter-on-your-wallet/,"Secretlab has finally announced a new gaming chair for 2024, but it's very familiar",1,"1
","neutral
"
https://www.wired.com/review/secretlab-titan-evo-2022/,Review: Secretlab Titan Evo 2022 Series,1,"1
","neutral
"
https://secretlab.sg/pages/titan-evo-2022-series,"Discover the features and innovations behind our latest gaming chair, the TITAN Evo",1,"1
","neutral
"
https://secretlab.sg/pages/titan-evo-2022-series," 4-way lumbar support, magnetic head pillow, and more",1,"1
","neutral.

while the features themselves (lumbar support, magnetic head pillow) are generally seen as positive, the phrase ""and more"" is vague and doesn't offer any specific sentiment. without more context or detail, the overall sentiment is neutral.
"
https://secretlab.sg/pages/titan-evo-2022-series, Secretlab TITAN Evo Lite ,1,"1
","neutral
"
https://secretlab.sg/pages/titan-evo-2022-series," All the core features, for less ",1,"1
","positive
"
https://secretlab.sg/pages/titan-evo-2022-series, Ergonomics Technology Reviews Resources Aftercare Peel Protection Warranty Extension Referral Program Atome Financing Instalment Plans,1,"1
","neutral.

the text lists product/service features and offerings. there's no expression of emotion or opinion that would indicate a positive or negative sentiment.
"
https://secretlabchairs.ca/pages/titan-evo-2022-series,"Discover the features and innovations behind our latest gaming chair, the TITAN Evo",1,"1
","neutral
"
https://secretlabchairs.ca/pages/titan-evo-2022-series," 4-way lumbar support, magnetic head pillow, and more",1,"1
","positive.

the features listed (4-way lumbar support, magnetic head pillow) are generally considered desirable and indicative of a comfortable and well-designed product. therefore, the sentiment is positive.
"
https://secretlabchairs.ca/pages/titan-evo-2022-series, Secretlab TITAN Evo Lite ,1,"1
","neutral
"
https://secretlabchairs.ca/pages/titan-evo-2022-series," All the core features, for less ",1,"1
","positive
"
https://secretlab.sg/collections/titan-series,"Sit incredibly easily with the Secretlab TITAN—the large, spacious gaming chair with an integrated lumbar support",1,"1
","positive
"
https://secretlab.sg/collections/titan-series, Secretlab TITAN Evo Lite ,1,"1
","neutral.

the text simply states a product name. without any further context, it's impossible to determine sentiment.
"
https://secretlab.sg/collections/titan-series," All the core features, for less ",1,"1
","positive.

the phrase ""all the core features"" implies value and completeness, while ""for less"" indicates a favorable price point. this combination suggests a good deal, leading to a positive sentiment.
"
https://secretlab.eu/pages/titan-evo-lite,"Secretlab TITAN Evo Lite has all the core functions of our flagship TITAN Evo, at a more accessible price",1,"1
","**positive**

the text highlights the benefits of the ""secretlab titan evo lite"" by comparing it to their ""flagship titan evo,"" emphasizing that it retains ""all the core functions"" while being offered at a ""more accessible price."" this suggests good value and quality, leading to a positive sentiment.
"
https://secretlab.eu/pages/titan-evo-lite, An ergonomic chair engineered for all-day comfort,1,"1
","positive
"
https://secretlab.co.uk/pages/titan-evo-2022-series,More comfort,1,"1
","neutral
"
https://secretlab.co.uk/pages/titan-evo-2022-series, Deeper personalization,1,"1
","neutral
"
https://secretlab.co.uk/pages/titan-evo-2022-series, Exceptional durability,1,"1
","positive
"
https://secretlab.co.uk/pages/titan-evo-2022-series," With research-backed design innovations engineered for serious performance, the Secretlab TITAN Evo is the first gaming chair of its kind",1,"1
","positive
"
https://secretlab.co.uk/pages/titan-evo-2022-series, Elevate your game with pro-grade ergonomics — the choice of the world's best players and professionals worldwide,1,"1
","positive
"
https://www.techradar.com/gaming/gaming-accessories/the-new-titan-evo-lite-is-a-budget-gaming-chair-that-packs-a-ton-of-premium-features,"Obviously, the overall level of comfort that the Secretlab Titan Evo Lite will be able to provide is yet to be seen, but these seem like very reasonable concessions considering the asking price of",1,"1
","neutral
"
https://secretlab.eu/da/products/titan-evo-2022-series," Personaliseret, ergonomisk og verdensførende komfort, alt-i-én gamer stol",1,"1
","positive
"
https://secretlab.eu/da/products/titan-evo-2022-series, Secretlab gaming stole er bygget til at kunne tilpasses meget og har en lang række justeringsmuligheder,1,"1
","neutral
"
https://diamondlobby.com/review/secretlab-titan-2022-review/,"For the longest time, I wanted to do a Secretlab Titan review and now I finally have the chance to do that with this; my honest review of the Secretlab Titan Evo gaming chair",1,"1
","neutral
"
https://www.amazon.com/Secretlab-Titan-Charcoal-SoftWeave-Gaming/dp/B0CR6DVV5S,com: Secretlab Titan Evo Lite in Charcoal Blue SoftWeave Gaming Chair - Reclining - Ergonomic & Heavy Duty Computer Chair with 4D Armrests & Lumbar Support - Dark Grey & Blue : Home & Kitchen ,1,"1
","neutral.

the text is descriptive and factual about a product. there's no subjective language expressing a positive or negative opinion. it simply lists features and specifications.
"
https://www.amazon.com/Secretlab-Titan-Charcoal-SoftWeave-Gaming/dp/B0CR6DVV5S," Secretlab Titan Evo Black Gaming Chair - Reclining, Ergonomic & Heavy Duty Computer Chair with 4D Armrests, Magnetic Head Pillow & Lumbar",1,"1
","neutral.

this text is a product description listing features, not expressing an opinion or feeling.
"
https://www.pcgamer.com/hardware/shhh-dont-tell-everyone-but-the-secretlab-titan-evo-lite-is-the-gaming-chair-i-would-actually-buy-this-weekend/,"Secretlab Titan Evo Lite | Leatherette or softweave fabric | $459 $419 at Secretlab (save $40) Our favorite gaming chair does not come cheap, with the prices having risen consistently since the",1,"1
","**neutral**

here's why:

*   **positive aspects:** ""our favorite gaming chair"" indicates a positive view.
*   **negative aspects:** ""does not come cheap, with the prices having risen consistently"" expresses financial negativity.
*   **neutral aspects:** the price listing and fabric options are neutral factual information.
*   **overall:** the text contains both positive and negative elements, but neither overwhelmingly dominates. therefore, a neutral sentiment is the most accurate assessment."
https://secretlab.co/collections/titan-xl-series+,Secretlab TITAN Evo Lite ,1,"1
","neutral
"
https://secretlab.co/collections/titan-xl-series+," All the core features, for less ",1,"1
","positive
"
https://secretlab.co/collections/titan-xl-series+, Most users take about 20 minutes to assemble their chair,1,"1
","neutral.
"
https://secretlab.co/pages/titan-evo-2022-series,"Gaming Chair Features | Secretlab TITAN Evo | Secretlab US Ergonomic Recliner Add-On New Secretlab SKINS Best Seller MAGNUS Monitor Arms New Chair Add-Ons Desk Add-Ons Secretlab TITAN XXS Shop All Products Gaming Chairs Computer Desks Accessories Warranty Extension Secretlab for Business With research-backed design innovations engineered for serious performance, the Secretlab TITAN Evo is the first gaming chair of its kind",1,"1
","neutral.

while the text highlights positive aspects like ""ergonomic,"" ""best seller,"" and ""research-backed design innovations,"" it primarily serves as a descriptive overview of features and product offerings. it doesn't express an overall positive or negative sentiment towards those things.
"
https://secretlab.co/pages/titan-evo-2022-series," We’ve re-engineered our Class 4 hydraulics to be shorter on the Secretlab TITAN Evo in Small and Regular to accommodate even more people, so you can achieve proper ergonomic posture whether you're in-game or at work",1,"1
","**positive**

**reasoning:**

the text highlights improvements (""re-engineered""), focuses on benefits (""accommodate even more people,"" ""achieve proper ergonomic posture""), and provides positive outcomes (""in-game or at work""). it's designed to make the reader feel like the product is improved and beneficial.
"
https://secretlab.co/pages/titan-evo-2022-series, Even pressure distribution while sitting on a Secretlab TITAN Evo chair,1,"1
","neutral.

while ""even pressure distribution"" is generally a desirable quality, the text simply states a fact about the chair. it doesn't express a positive or negative opinion, or any emotional coloring. it's a descriptive statement.
"
https://www.ign.com/articles/secretlab-titan-evo-2022-review,No one likes the painful price most gaming chairs demand and the Titan Evo is a get of jail free card to work and play in the same chair,1,"1
","positive.

here's why:

*   **""get out of jail free card""**: this idiom implies a solution to a problem (the high price of gaming chairs).
*   the text is presenting the titan evo as a good thing because it addresses the pain point of expensive gaming chairs.
"
https://secretlab.co/products/titan-evo-2022-series, Ergonomic Recliner Add-On New Secretlab SKINS Best Seller MAGNUS Monitor Arms New Chair Add-Ons Desk Add-Ons Secretlab TITAN XXS Shop All Products Gaming Chairs Computer Desks Accessories Warranty Extension Secretlab for Business Secretlab TITAN Evo Series Gaming Chair [2] Refer to the Return Policy for information on Secretlab TITAN Evo Oracle Red Bull Racing Edition Chair,1,"1
","neutral.

here's why:

*   **listing of products:** the majority of the text is a list of products and categories. these are neutral descriptions.
*   **""best seller""**: while this indicates popularity, it's still primarily descriptive and doesn't strongly convey an emotional sentiment.
*   **informational text**: the last sentence about the return policy is purely informational.

there's no strong positive or negative language present to indicate a clear sentiment.
"
https://www.gamesradar.com/hardware/chairs/secretlab-titan-evo-nanogen-edition-review/,"The Secretlab Titan Evo NanoGen Edition is the most comfortable variant of this brand's flagship gaming chair, but it isn't as comfortable as I'd like it to be",0,"1
","mixed.

while the text starts with a positive statement (""most comfortable variant""), it ends with a negative one (""isn't as comfortable as i'd like it to be""). this suggests a somewhat positive, but ultimately lukewarm, sentiment. therefore, **mixed** is the most accurate assessment.
"
https://www.t3.com/reviews/secretlab-titan-evo-lite-review,"

The Secretlab Titan Evo Lite is a brand-new chair from one of the biggest names in gaming chairs",1,"1
","neutral
"
https://www.t3.com/reviews/secretlab-titan-evo-lite-review, It is designed to offer “95% of the premium experience” of the Secretlab Titan Evo for “20% cheaper”,1,"1
","positive
"
https://www.t3.com/reviews/secretlab-titan-evo-lite-review," It’s a simple concept, but does it work? [",1,"1
","neutral.

the text expresses curiosity and uncertainty rather than a clear positive or negative feeling. the question ""does it work?"" indicates a lack of established sentiment.
"
https://www.t3.com/reviews/secretlab-titan-evo-lite-review," The chair is available in five versions, including two leatherette and three SoftWeave colours and is priced from £389 / $449 directly from the Secretlab website",1,"1
","neutral
"
https://www.t3.com/reviews/secretlab-titan-evo-lite-review, The chair also comes in an XL version for £459 /$499,1,"1
","neutral.

the text is simply stating a fact about the availability and pricing of a product. there is no emotional language or subjective opinion expressed.
"
https://www.gamespot.com/articles/secretlabs-new-gaming-chair-is-more-budget-friendly-still-high-quality/1100-6520551/,"Overall, Secretlab's Titan Evo Lite is a fantastic gaming chair at its price point",1,"1
","positive
"
https://www.gamespot.com/articles/secretlabs-new-gaming-chair-is-more-budget-friendly-still-high-quality/1100-6520551/," Though the original Titan Evo has a bit more versatility, the Lite offers many of the most impactful features while maintaining a premium build",1,"1
","**positive**

**reasoning:**

the text highlights impactful features and a premium build, which are both positive attributes. while it mentions the original titan evo has more versatility, the overall tone focuses on the positive aspects of the ""lite"" version. the word ""impactful"" and the phrase ""premium build"" strongly suggest a positive sentiment.
"
https://www.gamespot.com/articles/secretlabs-new-gaming-chair-is-more-budget-friendly-still-high-quality/1100-6520551/,"] Despite releasing back in Summer 2021, Secretlab's Titan Evo remains one of the best gaming chairs today",1,"1
","positive
"
https://www.gamespot.com/articles/secretlabs-new-gaming-chair-is-more-budget-friendly-still-high-quality/1100-6520551/, The Titan Evo offers excellent ergonomics and versatility in a premium package that's built to last,1,"1
","positive
"
https://www.gamespot.com/articles/secretlabs-new-gaming-chair-is-more-budget-friendly-still-high-quality/1100-6520551/," But if the $549 starting price is a bit too steep for your budget, there's now an alternative option",1,"1
","**neutral**

the text presents both a potential negative (price being too steep) and a positive (an alternative option). these balance each other out, making the overall sentiment neutral.
"
https://www.gamespot.com/articles/secretlabs-new-gaming-chair-is-more-budget-friendly-still-high-quality/1100-6520551/, Secretlab's brand-new Titan Evo Lite retains the vast majority of features found on the original while shaving almost 20% off the price,1,"1
","**positive**

**reasoning:**

*   **""retains the vast majority of features""**: this indicates that the core functionality and quality are maintained, which is a good thing.
*   **""shaving almost 20% off the price""**: a lower price is almost always viewed as positive by consumers.

the combination of maintaining features and lowering the price strongly suggests a positive sentiment towards the product."
https://www.gamespot.com/articles/secretlabs-new-gaming-chair-is-more-budget-friendly-still-high-quality/1100-6520551/,"

Secretlab Titan Evo Lite

$449 [",1,"1
","neutral
"
https://www.gamespot.com/articles/secretlabs-new-gaming-chair-is-more-budget-friendly-still-high-quality/1100-6520551/,] Both Titan Evo models I've tested were wrapped in Secretlab's black SoftWeave fabric,1,"1
","neutral
"
https://www.gamespot.com/articles/secretlabs-new-gaming-chair-is-more-budget-friendly-still-high-quality/1100-6520551/," Technically, though very similar, the materials on the two aren't identical",1,"1
","neutral
"
https://www.gamespot.com/articles/secretlabs-new-gaming-chair-is-more-budget-friendly-still-high-quality/1100-6520551/," The Lite uses standard SoftWeave, while the original has SoftWeave Plus",1,"1
","neutral.

this text simply describes a difference in features between two products. it doesn't express a positive or negative opinion about either one. it's a factual comparison.
"
https://www.gamespot.com/articles/secretlabs-new-gaming-chair-is-more-budget-friendly-still-high-quality/1100-6520551/," The latter employs finer stitching, allowing for more detailed patterns",1,"1
","neutral.

while ""finer"" and ""more detailed"" are generally positive words, the sentence is simply describing a technical difference between two things, without expressing a subjective opinion or emotional reaction.
"
https://www.gamespot.com/articles/secretlabs-new-gaming-chair-is-more-budget-friendly-still-high-quality/1100-6520551/," In the case of the black models I tested, the stitched pattern of the Lite has a streakier look versus the speckled design of the original",1,"1
","neutral.

the text is making a comparison between two products (lite vs. original) based on their design (""streakier look"" vs. ""speckled design""). it's not expressing a positive or negative opinion about either design, simply stating a difference.
"
https://gamerant.com/secretlab-titan-evo-lite-chair-review/,"Right out of the package and after a quick and painless building process, the TITAN Evo Lite looks almost exactly like the TITAN Evo, so much so that it even comes in some of the OG Evo’s most popular colors",1,"1
","neutral.

the text describes the product positively (""quick and painless building process"") and notes its resemblance to a popular product (""titan evo""). however, it doesn't express strong enthusiasm or negativity. it's mainly descriptive.
"
https://gamerant.com/secretlab-titan-evo-lite-chair-review/," As Secretlab explains, the chair features 95% of the TITAN Evo’s features, only at 20% less cost to gamers",1,"1
","**positive**

**reasoning:**

the text highlights a favorable aspect of the chair: it offers a high percentage of the features of a premium product (95% of titan evo features) at a significantly lower cost (20% less). this affordability and value proposition create a positive sentiment.
"
https://gamerant.com/secretlab-titan-evo-lite-chair-review/," And in our testing, the TITAN Evo Lite doesn’t feel like a downgrade at all",1,"1
","**positive**

the phrase ""doesn't feel like a downgrade at all"" indicates that the user experience is surprisingly good, especially when compared to expectations of a ""lite"" version. this suggests a positive sentiment towards the product.
"
https://gamerant.com/secretlab-titan-evo-lite-chair-review/, It is still an exceptional gaming chair that offers the comfort and customization that Secretlab is known [,1,"1
","positive
"
https://gamerant.com/secretlab-titan-evo-lite-chair-review/,"] As we’ve said in any Secretlab review, a gaming chair is an investment that pays off in the lack of back pain and the ability to game for longer",1,"1
","positive
"
https://gamerant.com/secretlab-titan-evo-lite-chair-review/," The TITAN Evo is easily one of our favorite gaming chairs and now the TITAN Evo Lite slots right alongside it, at a lower price point and with some slight differences in design",1,"1
","positive
"
https://gamerant.com/secretlab-titan-evo-lite-chair-review/," Lite might suggest something less-than, but this is a superb chair that anyone would be happy to have as part of their gaming setup or office space",1,"1
","positive
"
https://gamerant.com/secretlab-titan-evo-lite-chair-review/,"] Secretlab TITAN Evo Lite Gaming Chair

Designed for exceptional comfort over long hours of sitting, the Secretlab TITAN Evo Lite combines the
most essential features of the TITAN Evo with serious value",1,"1
","positive
"
https://gamerant.com/secretlab-titan-evo-lite-chair-review/, It brings the pro-grade performance that Secretlab is known for at a more accessible price,1,"1
","positive
"
https://gamerant.com/secretlab-titan-evo-lite-chair-review/,"

The Secretlab TITAN Evo Lite is available at Secretlab's official site for $449",1,"1
","neutral.

the text is simply stating a fact about the product's availability and price. there's no opinion expressed or implied about the quality, value, or any other aspect that would indicate a positive or negative sentiment.
"
https://gamerant.com/secretlab-titan-evo-lite-chair-review/, Game Rant was provided a unit for this review,1,"1
","neutral.

this sentence simply states a fact about how game rant obtained the unit for review. it doesn't express any opinion or emotion about the game itself or the process.
"
https://www.homeanddecor.com.sg/shopping/secretlab-titan-evo-lite-review-price,"Secretlab Titan Evo Lite Review (Price): Good back support

2 May 2024

Share this article

Secretlab demonstrates a strong commitment to quality and user comfort in its product launches, particularly evident in their flagship product, the Secretlab Titan Evo 2022 gaming chair",1,"1
","positive
"
https://www.homeanddecor.com.sg/shopping/secretlab-titan-evo-lite-review-price," Having been launched nearly three years ago, the Titan Evo continues to be my preferred choice in conventional gaming chairs",1,"1
","positive
"
https://www.homeanddecor.com.sg/shopping/secretlab-titan-evo-lite-review-price, Its enduring appeal lies in its outstanding ergonomic design and the overall comfort it offers,1,"1
","positive
"
https://www.homeanddecor.com.sg/shopping/secretlab-titan-evo-lite-review-price,"] If you have been holding out on the Titan Evo because of the pricing, then the Titan Evo Lite is a well-considered balance between affordability and the essential qualities of a premium gaming chair",1,"1
","positive
"
https://www.homeanddecor.com.sg/shopping/secretlab-titan-evo-lite-review-price," A lite gaming chair it may be, but the Titan Evo Lite is no 'entry-level' gaming chair",1,"1
","positive.

the text acknowledges a potential negative (that it's a ""lite"" chair, implying lesser quality), but then immediately refutes it by saying it's ""no 'entry-level' gaming chair."" this suggests a positive assessment overall.
"
https://www.homeanddecor.com.sg/shopping/secretlab-titan-evo-lite-review-price,"

The Secretlab Titan Evo Lite is available for order at Secretlab's e-store",1,"1
","neutral
"
https://www.homeanddecor.com.sg/shopping/secretlab-titan-evo-lite-review-price,"] Recognising the impact of the price increase on their customer base, Secretlab has taken a responsive step to cater to a wider market segment by launching a new addition to their gaming chair lineup: the Secretlab Titan Evo Lite",1,"1
","**positive**

**reasoning:**

the text highlights actions taken by secretlab that are perceived as beneficial for customers and the market:

*   ""recognising the impact...secretlab has taken a responsive step"" indicates they are being considerate and proactive.
*   ""cater to a wider market segment"" suggests inclusivity and accessibility.
*   ""new addition to their gaming chair lineup: the secretlab titan evo lite"" this implies an enhancement and positive growth for the company and potential consumer benefit.

all these points contribute to a positive overall sentiment.
"
https://www.homeanddecor.com.sg/shopping/secretlab-titan-evo-lite-review-price," Starting from $519, Secretlab says this new variant is “designed to offer a more accessible price point, without compromising the quality and comfort” that the Titan Evo chairs are known for",1,"1
","**neutral**

here's why:

*   **price point mention:** the ""$519"" is simply factual information.
*   **accessibility focus with no compromise on quality:** the text explicitly states it's designed to be more affordable *without* sacrificing quality or comfort. this is a positive statement but is a claim that needs to be experienced to confirm, so the sentiment remains mostly neutral.
*   the price point may still be viewed as ""high"" for many people, therefore the sentiment cannot be regarded as explicitly positive."
https://www.pcmag.com/reviews/secretlab-titan-evo-lite,The lack of cushions is a bit disappointing considering the Titan EVO Lite isn’t exactly a budget-priced gaming chair,1,"1
","negative
"
https://www.pcmag.com/reviews/secretlab-titan-evo-lite," That said, the chair is comfortable without accouterments",1,"1
","**positive**

the phrase ""comfortable"" clearly indicates a positive sentiment. while ""without accouterments"" might be seen as neutral or even slightly negative in another context (implying bareness), here it's presented *alongside* the comfort, suggesting the chair achieves comfort even in its simple state.
"
https://www.pcmag.com/reviews/secretlab-titan-evo-lite," I spent plenty of time sitting in it without pillows, and found it pleasant and supportive",1,"1
","positive
"
https://www.pcmag.com/reviews/secretlab-titan-evo-lite," The fixed lumbar arch is present, but not so prominent that it uncomfortably dug into my lower back at an awkward angle",1,"1
","neutral.

the text acknowledges the presence of a feature (""fixed lumbar arch"") but expresses that it's not excessively bothersome. it's a qualified observation, neither strongly positive nor strongly negative.
"
https://www.pcmag.com/reviews/secretlab-titan-evo-lite," The headrest is wide and tall, so I could lean back and feel supported in a variety of positions",1,"1
","positive
"
https://www.pcmag.com/reviews/secretlab-titan-evo-lite,"] Even when it cuts corners, Secretlab makes a gaming chair that’s a step above what the competition offers",1,"1
","positive
"
https://www.pcmag.com/reviews/secretlab-titan-evo-lite," The Titan EVO Lite is still relatively pricey, but it’s $100 less than the Titan EVO and retains its most appealing aspects",1,"1
","**neutral**

**explanation:**

the text presents a balanced perspective. it acknowledges a negative aspect (still pricey) but immediately counters it with a positive one (less expensive than the other model and keeps the good features). this creates a neutral overall sentiment.
"
https://www.pcmag.com/reviews/secretlab-titan-evo-lite," Although it lacks adjustable lumbar support and doesn't use Secretlab’s newest and most resilient materials, the Titan Evo Lite is incredibly comfortable and sturdy",1,"1
","**positive**

**reasoning:**

while the text mentions some drawbacks (lacking lumbar support and not using the newest materials), the overall sentiment is positive due to the explicit statement that the chair is ""incredibly comfortable and sturdy."" this outweighs the negative points.
"
https://www.pcmag.com/reviews/secretlab-titan-evo-lite," It’s a very good chair, though not quite as excellent as the Titan EVO",1,"1
","**sentiment:** positive

**reasoning:**

the text explicitly states ""it's a very good chair,"" which is a positive statement. while it acknowledges that the chair isn't *as* good as another specific chair (titan evo), this comparison doesn't negate the initial positive assessment. the overall sentiment leans towards positive because the core statement is favorable.
"
https://www.pcmag.com/reviews/secretlab-titan-evo-lite,"] Speaking of faux leather, the Titan EVO Lite uses Secretlab’s Prime 2",1,"1
","neutral
"
https://www.pcmag.com/reviews/secretlab-titan-evo-lite," Again, that’s the same as pre-EVO Titan chairs, and we know from our review of the Titan XL that it feels thick, supple, and sturdy",1,"1
","positive
"
https://www.pcmag.com/reviews/secretlab-titan-evo-lite," The Titan EVO uses the company’s NEO hybrid leatherette, which Secretlab says is 12 times more durable",1,"1
","neutral.

the text presents a factual statement about the material used in the titan evo and its durability. it doesn't express any opinion or emotion about the chair itself.
"
https://www.pcmag.com/reviews/secretlab-titan-evo-lite," Both materials are higher quality than the faux leather on most other gaming chairs we’ve tested, and it would be hard to tell much of a difference between them without having",1,"1
","positive
"
https://uk.pcmag.com/game-controllers-accessories/151143/secretlab-titan-evo-lite,The lack of cushions is a bit disappointing considering the Titan EVO Lite isn’t exactly a budget-priced gaming chair,1,"1
","negative
"
https://uk.pcmag.com/game-controllers-accessories/151143/secretlab-titan-evo-lite," That said, the chair is comfortable without accouterments",1,"1
","neutral
"
https://uk.pcmag.com/game-controllers-accessories/151143/secretlab-titan-evo-lite," I spent plenty of time sitting in it without pillows, and found it pleasant and supportive",1,"1
","positive
"
https://uk.pcmag.com/game-controllers-accessories/151143/secretlab-titan-evo-lite," The fixed lumbar arch is present, but not so prominent that it uncomfortably dug into my lower back at an awkward angle",1,"1
","neutral
"
https://uk.pcmag.com/game-controllers-accessories/151143/secretlab-titan-evo-lite," The headrest is wide and tall, so I could lean back and feel supported in a variety of positions",1,"1
","positive
"
https://uk.pcmag.com/game-controllers-accessories/151143/secretlab-titan-evo-lite,"] Even when it cuts corners, Secretlab makes a gaming chair that’s a step above what the competition offers",1,"1
","positive
"
https://uk.pcmag.com/game-controllers-accessories/151143/secretlab-titan-evo-lite," The Titan EVO Lite is still relatively pricey, but it’s $100 less than the Titan EVO and retains its most appealing aspects",1,"1
","neutral.

while ""appealing aspects"" is positive, ""relatively pricey"" is negative, and the main point is a comparison (less than) which is generally neutral. overall, the sentiment is balanced.
"
https://uk.pcmag.com/game-controllers-accessories/151143/secretlab-titan-evo-lite," Although it lacks adjustable lumbar support and doesn't use Secretlab’s newest and most resilient materials, the Titan Evo Lite is incredibly comfortable and sturdy",1,"1
","the sentiment is **positive**.

while the text acknowledges some drawbacks (""lacks adjustable lumbar support"" and ""doesn't use secretlab's newest materials""), it emphasizes positive aspects with stronger language: ""incredibly comfortable and sturdy."" the overall impression is favorable despite the mentioned limitations.
"
https://uk.pcmag.com/game-controllers-accessories/151143/secretlab-titan-evo-lite," It’s a very good chair, though not quite as excellent as the Titan EVO",1,"1
","positive.

while the text contains a comparison that diminishes the chair slightly (""not quite as excellent as the titan evo""), the primary statement is ""it's a very good chair,"" which expresses a positive sentiment. the comparison acts as a qualifier, not a negator of the overall positive feeling.
"
https://uk.pcmag.com/game-controllers-accessories/151143/secretlab-titan-evo-lite,"] Speaking of faux leather, the Titan EVO Lite uses Secretlab’s Prime 2",1,"1
","neutral
"
https://uk.pcmag.com/game-controllers-accessories/151143/secretlab-titan-evo-lite," Again, that’s the same as pre-EVO Titan chairs, and we know from our review of the Titan XL that it feels thick, supple, and sturdy",1,"1
","positive
"
https://uk.pcmag.com/game-controllers-accessories/151143/secretlab-titan-evo-lite," The Titan EVO uses the company’s NEO hybrid leatherette, which Secretlab says is 12 times more durable",1,"1
","positive. the text highlights a key feature (""12 times more durable"") which implies a benefit and positive quality of the product.
"
https://uk.pcmag.com/game-controllers-accessories/151143/secretlab-titan-evo-lite," Both materials are higher quality than the faux leather on most other gaming chairs we’ve tested, and it would be hard to tell much of a difference between them without having",1,"1
","positive
"
https://www.hardwarezone.com.sg/review-secretlab-titan-evo-lite-review-premium-gaming-chair-thats-friendlier-wallet,"Secretlab demonstrates a strong commitment to quality and user comfort in its product launches, particularly evident in their flagship product, the Titan Evo 2022 gaming chair (read our review here)",1,"1
","positive
"
https://www.hardwarezone.com.sg/review-secretlab-titan-evo-lite-review-premium-gaming-chair-thats-friendlier-wallet," Having been launched nearly three years ago, the Titan Evo continues to be my preferred choice in conventional gaming chairs",1,"1
","positive
"
https://www.hardwarezone.com.sg/review-secretlab-titan-evo-lite-review-premium-gaming-chair-thats-friendlier-wallet, Its enduring appeal lies in its outstanding ergonomic design and the overall comfort it offers,1,"1
","positive
"
https://www.hardwarezone.com.sg/review-secretlab-titan-evo-lite-review-premium-gaming-chair-thats-friendlier-wallet, The chair is available in Prime 2,1,"1
","neutral.

the text simply states availability and doesn't express any positive or negative feelings about the chair itself.
"
https://www.hardwarezone.com.sg/review-secretlab-titan-evo-lite-review-premium-gaming-chair-thats-friendlier-wallet,"0 Leatherette in Stealth (reviewed here) and Black, and in Softweave in Cookies & Cream, Charcoal Blue and Black",1,"1
","neutral.

the text simply lists available options for a product. there's no emotional language or opinion expressed.
"
https://www.hardwarezone.com.sg/review-secretlab-titan-evo-lite-review-premium-gaming-chair-thats-friendlier-wallet, They are also available in Regular and XL sizes,1,"1
","neutral
"
https://www.hardwarezone.com.sg/review-secretlab-titan-evo-lite-review-premium-gaming-chair-thats-friendlier-wallet,"] Recognising the impact of the price increase on their customer base, Secretlab has taken a responsive step to cater to a wider market segment by launching a new addition to their gaming chair lineup: the Titan Evo Lite",1,"1
","positive
"
https://www.hardwarezone.com.sg/review-secretlab-titan-evo-lite-review-premium-gaming-chair-thats-friendlier-wallet," Starting from S$519, Secretlab says this new variant is “designed to offer a more accessible price point, without compromising the quality and comfort” that the Titan Evo chairs are known for",1,"1
","neutral.

while the text mentions ""comfort"" and ""quality"" which are positive attributes, it also highlights a lower price point which doesn't inherently indicate a positive or negative sentiment. it's simply stating a feature. the text is informative and objective, rather than expressing an opinion.
"
https://www.hardwarezone.com.sg/review-secretlab-titan-evo-lite-review-premium-gaming-chair-thats-friendlier-wallet,"



The Titan Evo goes lite",1,"1
","neutral
"
https://www.youtube.com/watch?v=8EOIlOk7BC0,us/titanevo Product review: The Secretlab Titan Evo Lite in Charcoal Blue SoftWeave is a premium,1,"1
","positive.

the phrase ""premium"" strongly suggests a positive sentiment.
"
https://www.youtube.com/watch?v=xEjs2lI5w18&pp=0gcJCdgAo7VqN5tD,"Secretlab Titan Evo Lite BRUTALLY HONEST Review 
 Full Transparency 
 377 likes 
 30307 views 
 2 Feb 2024 
 Support the channel and BUY IT HERE: https://bit",1,"1
","negative.

the phrase ""brutally honest review"" strongly suggests a negative sentiment, as ""brutal"" implies harsh criticism. even though the rest of the text is fairly neutral, that phrase dominates the overall impression.
"
https://www.youtube.com/watch?v=xEjs2lI5w18&pp=0gcJCdgAo7VqN5tD,"ly/2XpMb5q

Today I'm reviewing the new Secretlab Titan Evo Lite softweave gaming chair which to my surprise may be the softest Secretlab gaming chair yet",1,"1
","positive.

**explanation:**

the text expresses surprise at the chair's softness, implying that it's a pleasant surprise and a positive attribute. the phrase ""may be the softest secretlab gaming chair yet"" is also a positive statement.
"
https://www.youtube.com/watch?v=xEjs2lI5w18&pp=0gcJCdgAo7VqN5tD,"com

#secretlab #titanevolite #gamingchair 
 51 comments [",1,"1
","neutral.

the text is simply a hashtag and a count of comments. it doesn't express any opinion or feeling.
"
https://www.ign.com/articles/best-gaming-chair-deals-2024-secretlab-titan-evo-lite-2,"For 2024, Secretlab has recently released a new budget version of its most popular gaming chair",1,"1
","neutral.

the text simply states a fact about a new product release. there's no explicit positive or negative language used to express an opinion about the chair itself or the release.
"
https://www.ign.com/articles/best-gaming-chair-deals-2024-secretlab-titan-evo-lite-2, The new Secretlab Titan Evo Lite carries over most of the features and nearly all of the ergonomics of the Titan Evo at a lower price point,1,"1
","neutral.

the text focuses on comparing features and price, without expressing a clear positive or negative feeling towards the product. it's informational and descriptive.
"
https://www.ign.com/articles/best-gaming-chair-deals-2024-secretlab-titan-evo-lite-2," In fact, at its current price, it's less expensive than the older Titan 2020",1,"1
","neutral
"
https://www.ign.com/articles/best-gaming-chair-deals-2024-secretlab-titan-evo-lite-2,"

Secretlab Titan Evo Lite Gaming Chair Starting at $449



Secretlab Titan Evo Lite Gaming Chair [",1,"1
","neutral.

the text is simply stating a product name and a price. there's no opinion, emotion, or descriptive language that would indicate a positive or negative sentiment.
"
https://www.ign.com/articles/best-gaming-chair-deals-2024-secretlab-titan-evo-lite-2," We've consistently rated them as the best high-end gaming chair on the market, as well as the best gaming chair for ""big and tall"" gamers",1,"1
","positive
"
https://www.ign.com/articles/best-gaming-chair-deals-2024-secretlab-titan-evo-lite-2," Of all the gaming chairs we covered in our ""Budget to Best"" roundup video earlier this year, Akeem considered the Secretlab Titan Evo to be the most comfortable",1,"1
","positive
"
https://www.ign.com/articles/best-gaming-chair-deals-2024-secretlab-titan-evo-lite-2," No good chair comes cheap, and Secretlab chairs definitely cost a premium, but we think the craftsmanship, materials, customer service, and [",1,"1
","while the text acknowledges a negative aspect (""no good chair comes cheap, and secretlab chairs definitely cost a premium""), it immediately counters with positive justifications (""craftsmanship, materials, customer service""). the presence of positive aspects alongside the acknowledgment of price indicates a **positive** sentiment.
"
https://www.ign.com/articles/best-gaming-chair-deals-2024-secretlab-titan-evo-lite-2,] Right now the Secretlab Titan Evo Lite is priced at $449,1,"1
","neutral.

the text simply states a fact about the price of a product. there is no indication of a positive or negative feeling towards the product or the price itself.
"
https://www.ign.com/articles/best-gaming-chair-deals-2024-secretlab-titan-evo-lite-2, The Titan Evo currently starts at $549,1,"1
","neutral
"
https://www.ign.com/articles/best-gaming-chair-deals-2024-secretlab-titan-evo-lite-2," At its core, the Secretlab Titan Evo Lite is very similar to the Titan Evo and the tradeoffs involve customization and adjustability options that (mostly) don't impact the ergonomics and comfort of the chair itself",1,"1
","neutral
"
https://www.ign.com/articles/best-gaming-chair-deals-2024-secretlab-titan-evo-lite-2,"

Titan Evo Lite: What's similar to the Titan Evo",1,"1
","neutral
"
https://transparencia.recife.pe.gov.br/mynewsnow_bm_transparencia.php?id=betwinlab%20reviews, Secretlab's back-to-basics gaming chair is a bit cheaper but still feels great,0,"1
","positive
"
https://transparencia.recife.pe.gov.br/mynewsnow_bm_transparencia.php?id=betwinlab%20reviews,5 GOALS ODD: 1,0,"1
","neutral. 

while ""5 goals"" could be seen as positive in some contexts (like a sports game), the ""odd: 1"" suggests odds in a betting context. therefore, without further information, it's difficult to ascertain a clear positive or negative sentiment. it's simply stating a probability or betting condition.
"
https://soxy.com/blogs/secretlab-review/?srsltid=AfmBOoo6XaOd3VVsXCtvqBk4RmxB0juR4J2T7LCPf-lG9J383wvfu7Xv,"The Secretlab TITAN Evo Lite is a lighter version of its predecessor, maintaining the ergonomic excellence of the TITAN series but with a more",1,"1
","neutral
"
https://2fproperties.com/?g=940612170656,Secretlab Titan Evo 2022 Review A Good Gaming Chair WIRED,1,"1
","positive
"
https://2fproperties.com/?g=940612170656, Secretlab PlushCell Memory Foam Armrest Review CGMagazine,1,"1
","neutral
"
https://2fproperties.com/?g=940612170656, Secretlab Titan EVO Lite Review PCMag,1,"1
","neutral
"
https://chairsfx.com/gaming-chair-reviews/secretlab-titan/,Perfect neutral postures in a $560 Secretlab Titan and $1900 Herman Miller Embody,1,"1
","neutral
"
https://chairsfx.com/gaming-chair-reviews/secretlab-titan/,"
Final Verdict: For users with good posture habits, the Titan Evo offers similar support to high-end office chairs with added versatility and at a much lower price point",1,"1
","neutral
"
https://chairsfx.com/gaming-chair-reviews/secretlab-titan/, The substantial price difference makes the Titan a compelling option for those seeking value and comparable ergonomic benefits,1,"1
","**positive**

**reasoning:**

*   ""compelling option"" - this indicates a positive feeling towards the titan.
*   ""seeking value"" - value is generally a positive attribute.
*   ""comparable ergonomic benefits"" - this suggests that the titan offers similar positive features as other options, reinforcing its appeal.
"
https://chairsfx.com/gaming-chair-reviews/secretlab-titan/,"
Gaming Chair Vs Office Chair Battle: Aeron Vs Titan Evo
Verdict: Versatile, User-Defined Comfort [",1,"1
","positive
"
https://chairsfx.com/gaming-chair-reviews/secretlab-titan/,"] Popular This Week
Herman Miller Aeron Posturefit vs Lumbar Support Pad (best)
Best Ergonomic Office Chairs $800-$2300: Are They Worth it?
TechLead’s 5 Best Ergonomic Office Chairs For Programmers

Related Posts

Gaming Chair Reviews
Elite Gaming Chair Showdown: Anda Seat Kaiser 4 Vs Secretlab Titan Evo

Computing Chair Advice
Is the Secretlab Titan Evo Chair & Magnus Pro Desk Combo Worth It?

Gaming Chair News
New Secretlab Titan Evo Lite Chair: Streamlined Features, 20% Cheaper [",1,"1
","neutral.

the text primarily consists of titles and descriptions of articles and posts related to ergonomic and gaming chairs. while some titles use positive words like ""best"" and ""elite,"" the overall sentiment is informational and comparative rather than expressing a strong positive or negative opinion. the language is designed to attract attention and pique interest, but it doesn't convey an overwhelming positive or negative sentiment about the products themselves.
"
https://chairsfx.com/gaming-chair-reviews/secretlab-titan/,"] L-R: Titan 2022 House Targaryen, Jinx, and Minecraft editions",1,"1
","neutral
"
https://chairsfx.com/gaming-chair-reviews/secretlab-titan/,"
Bottom line: the Titan Evo offers exceptional ergonomic support, dynamic comfort, and affordability, making it a true work-from-home champion",1,"1
","positive
"
https://chairsfx.com/gaming-chair-reviews/secretlab-titan/,"
Titan Evo chairs on Amazon: Leatherette $639",1,"1
","neutral.

the text is simply stating a fact (the price of a titan evo chair on amazon). it doesn't express any opinion or feeling about the product or price.
"
https://chairsfx.com/gaming-chair-reviews/secretlab-titan/,00 | Softweave Fabric $659,1,"1
","neutral. 

while ""softweave fabric"" sounds appealing, the presence of a price tag (""$659"") without any context to suggest whether it's a good or bad price makes it difficult to assign a positive or negative sentiment. it's simply a factual statement.
"
https://chairsfx.com/gaming-chair-reviews/secretlab-titan/,"00
Titan Evo (M) from Secretlab $549-$664
Also available in small ($549-$674) and XL sizes ($599-$694) in the Secretlab Store",1,"1
","neutral
"
https://www.hardwarezone.com.sg/review-secretlab-skins-lite-titan-evo,"Overall, Secretlab's Skins Lite offers an attractive and more affordable way for Titan Evo owners to customise their chairs without compromising on style or comfort",1,"1
","positive
"
https://www.hardwarezone.com.sg/review-secretlab-skins-lite-titan-evo," The new material is softer, more breathable, and easier to fit, solving some of the key issues I had with the premium Skins",1,"1
","positive
"
https://www.hardwarezone.com.sg/review-secretlab-skins-lite-titan-evo," The new fasteners are a welcome improvement, ensuring a more secure fit, and the thinner, printed material gives Secretlab the freedom to explore more intricate and vivid designs, which really shine in [",1,"1
","positive
"
https://www.hardwarezone.com.sg/review-secretlab-skins-lite-titan-evo," It’s extremely easy to install, and the past couple of years have seen some truly wonderful designs woven out of Secretlab’s Softweave fabric (the Cyberpunk 2077 Edgerunners series remains one of the best-looking, in my opinion)",1,"1
","positive
"
https://www.hardwarezone.com.sg/review-secretlab-skins-lite-titan-evo,] Secretlab’s Skins accessory range was a true game-changer when it launched in 2022 for its Titan Evo chairs,1,"1
","positive
"
https://www.hardwarezone.com.sg/review-secretlab-skins-lite-titan-evo," Arguably the world’s first premium slip-on chair sleeves, it not only helps owners protect their Secretlab chair but also allows them to refresh the look of their existing chair – without having to commit to just one design",1,"1
","positive
"
https://www.dutchiee.tv/news/secretlab-titan-evo-lite-review/,"The Secretlab Titan EVO Lite is the epitome of balanced gamers' chairs; the design is pleasing to the eye, and the product more than pulls its",1,"1
","positive
"
https://www.tomsguide.com/gaming/gaming-peripherals/secretlab-titan-evo-2022-review,"Secretlab Titan Evo review

The Secretlab Titan Evo is still the best gaming chair for the price

When you purchase through links on our site, we may earn an affiliate commission",1,"1
","positive
"
https://www.tomsguide.com/gaming/gaming-peripherals/secretlab-titan-evo-2022-review,"

Tom's Guide Verdict

The Secretlab Titan Evo is one of the best gaming chairs available",1,"1
","positive
"
https://www.tomsguide.com/gaming/gaming-peripherals/secretlab-titan-evo-2022-review," Not only is it well-built and exceedingly comfortable, but it also comes in multiple sizes and materials that accommodate all buyers equally",1,"1
","positive
"
https://www.tomsguide.com/gaming/gaming-peripherals/secretlab-titan-evo-2022-review,"

Pros

Feature-packed

Very comfortable

Superb build quality [",1,"1
","positive
"
https://www.tomsguide.com/gaming/gaming-peripherals/secretlab-titan-evo-2022-review,"] The Secretlab Titan Evo series is one of the best options in the upper range of gaming chairs, sporting fantastic build quality and comfort at a price that might shock your wallet",1,"1
","the sentiment is **positive**.

here's why:

*   ""best options"" - indicates high quality and favorability.
*   ""fantastic build quality and comfort"" - explicitly positive attributes.
*   while ""might shock your wallet"" suggests a potential negative (high price), the overall tone focuses on the quality and excellence of the product. therefore, price is a drawback, but the product gets a positive sentiment overall."
https://www.tomsguide.com/gaming/gaming-peripherals/secretlab-titan-evo-2022-review," If you're willing to spend good money for a high-end product though, this is probably the best bang for your buck",1,"1
","positive
"
https://www.tomsguide.com/gaming/gaming-peripherals/secretlab-titan-evo-2022-review,"

Our Secretlab Titan Evo review will help you decide if this is the best gaming chair for you, especially if you’re after a premium gaming chair that’s built to last",1,"1
","positive.

the text highlights positive aspects like ""best gaming chair"" and ""premium gaming chair that's built to last,"" which indicates a favorable opinion.
"
https://www.tomsguide.com/gaming/gaming-peripherals/secretlab-titan-evo-2022-review," But if you've got the budget for it, you can't really go wrong with its wonderfully comfortable seat, tons of premium features, and plenty of size and color options to choose from",1,"1
","positive
"
https://secretlab.co/products/titan-evo-2022-series/?rfsn=4794308.11c421&utm_source=refersion&utm_medium=affiliate&utm_campaign=4794308.11c421&sku=M07-E24PU-CLASS1R&subid=243512957," Personalized ergonomics and world-leading comfort, all in one gaming chair",1,"1
","positive
"
https://www.fakespot.com/product/secretlab-titan-evo-lite-in-black-prime-2-0-leatherette-gaming-chair-reclining-ergonomic-heavy-duty-computer-chair-with-4d-armrests-lumbar-support-black,"Menu

Secretlab Titan Evo Lite in Black Prime 2",1,"1
","neutral
"
https://www.fakespot.com/product/secretlab-titan-evo-lite-in-black-prime-2-0-leatherette-gaming-chair-reclining-ergonomic-heavy-duty-computer-chair-with-4d-armrests-lumbar-support-black,"0 Leatherette Gaming Chair - Reclining - Ergonomic & Heavy Duty Computer Chair with 4D Armrests & Lumbar Support - Black

Secretlab Titan Evo Lite in Black Prime 2",1,"1
","neutral
"
https://www.fakespot.com/product/secretlab-titan-evo-lite-in-black-prime-2-0-leatherette-gaming-chair-reclining-ergonomic-heavy-duty-computer-chair-with-4d-armrests-lumbar-support-black,"

Analyzed on

42Total Reviews

Computer Gaming Chairs

B

46  Total Products

Analyzed onAmazon

Sold by  Secretlab

A

A

Fakespot review grade

A

A

Ask Fakespot Chat questions about this productAlpha

Initializing Fakespot Chat

System error,

Add detailed feedback

Message [",1,"1
","the sentiment of the text is primarily **negative**. here's why:

*   **""system error""**: this clearly indicates a problem and creates a negative impression.
*   **""fakespot review grade a""**: while a good grade, the context suggests this might be unreliable due to the other issues.
*   **""initializing fakespot chat"", ""ask fakespot chat questions""**: this mentions the chatbot feature, but the ""system error"" disrupts the positive expectation."
https://www.fakespot.com/product/secretlab-titan-evo-lite-in-black-prime-2-0-leatherette-gaming-chair-reclining-ergonomic-heavy-duty-computer-chair-with-4d-armrests-lumbar-support-black,"] Loading suggested questions

Suggested Questions

Suggested Questions

No suggested questions were found

Highlights

Quality

The chair is very sturdy and well built",1,"1
","positive
"
https://www.fakespot.com/product/secretlab-titan-evo-lite-in-black-prime-2-0-leatherette-gaming-chair-reclining-ergonomic-heavy-duty-computer-chair-with-4d-armrests-lumbar-support-black,"

The chair is very sturdy and well built",1,"1
","positive
"
https://www.fakespot.com/product/secretlab-titan-evo-lite-in-black-prime-2-0-leatherette-gaming-chair-reclining-ergonomic-heavy-duty-computer-chair-with-4d-armrests-lumbar-support-black,"  Read Less

Everything is adjustable to your liking, it’s firm yet soft, it was designed by a professional so the high quality materials it",1,"1
","positive
"
https://mediaberry.co.uk/secretlab-titan-evo-2024-review/, This is an effortlessly excellent gaming chair that offers quality across the board,1,"1
","positive
"
https://thebarberhouse.no/?t=459661912,Secretlab Titan Evo Gaming Chair Review Consumer Rating · SecretLab Titan Evo 2022 review A high quality gaming chair · Secretlab TITAN Evo Lite Gaming Chair,1,"1
","positive.

**reasoning:**

the presence of phrases like ""high quality gaming chair"" and the positive framing around a ""consumer rating"" suggest a positive sentiment. even the mentions of different models (titan evo 2022, titan evo lite) are presented neutrally, not indicating any negative aspects. the overall impression is of a well-regarded product.
"
https://geekculture.co/geek-review-secretlab-titan-evo-lite-gaming-chair/,"The Secretlab Titan Evo Lite packs the same comfort and presence, but at a more affordable price for those looking to pick up an ergonomic",1,"1
","positive
"
https://www.tomshardware.com/reviews/secretlab-titan-evo-2022-review-superior-gaming-chair,"While a softer seat may offer more comfortable give, the Titan Evo stands out in gaming chair comfort",1,"1
","positive
"
https://www.ign.com/articles/secretlab-spring-day-sale-2025-best-deals-on-titan-gaming-chairs,"Among the Titan chairs, the Evo Lite is definitely the best value with its starting price tag of $419, or a full $100 less than the base model",1,"1
","positive
"
https://www.reddit.com/r/secretlab/comments/1b8q2zx/secret_lab_titan_evo_review/,"r/secretlab
A subreddit for all things Secretlab — we engineer award-winning performance gaming chairs for work and play",1,"1
","neutral.

the text is descriptive and informational, stating the purpose of the subreddit and the company's mission. it does not express any positive or negative emotions or opinions. the term ""award-winning"" suggests a positive aspect but it's presented as a fact rather than an expression of sentiment.
"
https://www.reddit.com/r/secretlab/comments/1b8q2zx/secret_lab_titan_evo_review/,"

25K Members 44 Online
### FAQ: Secretlab TITAN Evo Lite
5 upvotes · 10 comments



 r/secretlab • 3 mo",1,"1
","neutral
"
https://www.reddit.com/r/secretlab/comments/1b8q2zx/secret_lab_titan_evo_review/,] The Titan Evo Secret Lab chair is not uncomfortable,1,"1
","neutral
"
https://www.reddit.com/r/secretlab/comments/1b8q2zx/secret_lab_titan_evo_review/,"] 25K Members 44 Online
### Got my new #SecretLab chair! And boy does it suck
49 upvotes · 57 comments



 r/secretlab • 1 yr",1,"1
","negative
"
https://www.youtube.com/watch?v=lFykZu6_zT4&pp=0gcJCfcAhR29_xXO, Secretlab Titan Evo Lite BRUTALLY HONEST Review https://www,1,"1
","negative. the phrase ""brutally honest review"" strongly suggests that the review is likely to highlight flaws and negative aspects of the product, thus indicating a negative sentiment.
"
https://www.youtube.com/watch?v=lFykZu6_zT4&pp=0gcJCfcAhR29_xXO,com/watch?v=xEjs2lI5w18&t=24s SECRETLAB TITAN EVO LITE VS TITAN EVO |,1,"1
","neutral. the text is simply a video title and url. it doesn't express any opinion or emotion. it just describes the content of the video.
"
https://www.techoriz.com/?p=1055309370653,"Secretlab retailer Titan EVO Lite Review PCMag, Secretlab Titan EVO Lite Review PCMag retailer",1,"1
","neutral.

while the text mentions ""review,"" which can sometimes be associated with positive or negative sentiment, it's presented in a factual, descriptive way. there are no explicit positive or negative keywords or phrases to indicate a strong opinion. it simply states the existence of a review.
"
https://www.tomshardware.com/reviews/secretlab-titan-softweave-gaming-chair-review,"The base isn’t as heavy as that of the Anda Seat Spider-Man gaming chair, so attaching the wheels was simple",1,"1
","neutral.

the text is comparing the base of one chair to another and stating that attaching the wheels was simple. while ""simple"" has a slightly positive connotation, the overall sentiment is descriptive and comparative, rather than expressing a clear positive or negative emotion.
"
https://www.tomshardware.com/reviews/secretlab-titan-softweave-gaming-chair-review,The levers were already attached to the seat too,1,"1
","neutral.

the statement is simply factual and doesn't express any particular emotion or opinion.
"
https://www.tomshardware.com/reviews/secretlab-titan-softweave-gaming-chair-review, All I had to do was slide on the handles,1,"1
","neutral
"
https://www.tomshardware.com/reviews/secretlab-titan-softweave-gaming-chair-review,"

Bottom Line

The Secretlab Titan has a minimalist feel, from its assembly to its final look",1,"1
","neutral.

**explanation:**

the text is descriptive and objective. it doesn't express a positive or negative feeling about the secretlab titan, but rather makes an observation about its design and assembly. ""minimalist feel"" is a neutral descriptor.
"
https://www.tomshardware.com/reviews/secretlab-titan-softweave-gaming-chair-review, The Titan is not a flashy gaming chair,1,"1
","neutral
"
https://www.tomshardware.com/reviews/secretlab-titan-softweave-gaming-chair-review," It’s a subtle, yet pricey-looking design that can fit in any setting, from the office to the  gaming space",1,"1
","positive
"
https://www.tomshardware.com/reviews/secretlab-titan-softweave-gaming-chair-review, It’s also available in NAPA and PU leather,1,"1
","neutral
"
https://www.tomshardware.com/reviews/secretlab-titan-softweave-gaming-chair-review,"] If you want a chair with a lot of available adjustments that feel firm and reliable and a look that’s a bit more elevated and matches its price tag, the Secretlab Titan is a good choice",1,"1
","positive
"
https://www.tomshardware.com/reviews/secretlab-titan-softweave-gaming-chair-review,"

Tom's Hardware Verdict

The Secretlab Titan is a minimalist chair with many customizable adjustments",1,"1
","neutral
"
https://www.tomshardware.com/reviews/secretlab-titan-softweave-gaming-chair-review," Unlike many gaming chairs, there’s no lumbar pillow",1,"1
","negative
"
https://www.tomshardware.com/reviews/secretlab-titan-softweave-gaming-chair-review, But it’s still a good throne for taller people,1,"1
","positive
"
https://www.tomshardware.com/reviews/secretlab-titan-softweave-gaming-chair-review,"

Pros

+ Very sturdy

+ Easy to assemble

+ Firm and comfortable",1,"1
","positive
"
https://www.wired.com/review/secretlab-titan-evo-2022/,"Review: Secretlab Titan Evo 2022 Series · Gaming chairs don't help you play games any better, as manufacturers would have you believe",1,"1
","negative
"
https://secretlab.co/pages/reviews,"Reviews & Awards

Over 10,000 5-star ratings and multiple editors' choice awards can't be wrong — find out what makes Secretlab chairs great with reviews from the press and real users",1,"1
","positive
"
https://www.gearpatrol.com/home/a40278605/secretlab-titan-evo-2022-chair-review/,"As a gaming chair, the Titan Evo 2022  is made for spending hour after hour in, and it’s certainly comfortable enough to let you do so with ease",1,"1
","positive
"
https://www.gearpatrol.com/home/a40278605/secretlab-titan-evo-2022-chair-review/," The cushions are supportive and firm, but with just enough give to cosset your back and bottom",1,"1
","positive
"
https://www.gearpatrol.com/home/a40278605/secretlab-titan-evo-2022-chair-review/, There’s also ample opportunities to adjust everything from height to backrest angle to lumbar support to how high your elbows sit when you’re sitting,1,"1
","positive. the text highlights the ample opportunities for adjustment, suggesting a high degree of customization and user control, which are generally viewed favorably.
"
https://www.gearpatrol.com/home/a40278605/secretlab-titan-evo-2022-chair-review/,"] It looks cool (for a chair)

Not in the way that, say, a Herman Miller or Steelcase office chair does, mind you",1,"1
","neutral
"
https://www.gearpatrol.com/home/a40278605/secretlab-titan-evo-2022-chair-review/," More in a sports car driver’s seat kind of way — at least in the Stealth colorway, with its black faux leather, red stitching and cross-hatched accents that almost bring to mind carbon fiber trim",1,"1
","positive
"
https://www.gearpatrol.com/home/a40278605/secretlab-titan-evo-2022-chair-review/," The gray-and-black fabric version looked more at home in my home, however; it’s a bit more subtle, and blends in better with most walls, I’d venture",1,"1
","positive.

the phrases ""more at home in my home,"" ""more subtle,"" and ""blends in better"" all express positive feelings about the product. the phrase ""i'd venture"" is a hedging statement but doesn't negate the overall positive sentiment.
"
https://www.gearpatrol.com/home/a40278605/secretlab-titan-evo-2022-chair-review/,] The substantial mass of the Titan Evo 2022 is wonderful when it comes to keeping the chair planted where you want it,1,"1
","positive
"
https://www.gearpatrol.com/home/a40278605/secretlab-titan-evo-2022-chair-review/," No matter how aggressively you plop down or shimmy around in your chair, it’s staying put unless you want it to move — so you don’t have to worry about losing that perfect viewing angle or readjusting your mouse too often",1,"1
","positive.

the text highlights benefits like stability and not having to worry about readjusting, which are positive aspects of the chair.
"
https://www.gearpatrol.com/home/a40278605/secretlab-titan-evo-2022-chair-review/,"

What’s Not Ideal About the Secretlab Titan Evo

It’s large, solid and heavy",1,"1
","neutral
"
https://www.imore.com/gaming/gaming-chairs/the-worlds-best-gaming-chair-now-comes-in-lite-secretlab-debuts-new-titan-evo-with-friendlier-price-tag,"Having extensively reviewed the original TITAN Evo 2022, I can comfortably say that there are no huge omissions here, and Secretlab is right",1,"1
","positive
"
https://www.evas.com.tr/antt.aspx?wbbl=brr858330444&cid=294&m=1&g=9,99 Secretlab TITAN Evo Lite Gaming Chair Review · secretlab stoel The best gaming chair collection | Secretlab US · secretlab stoel Secretlab,1,"1
","neutral.

while the text mentions ""best gaming chair collection,"" it's presented as part of a list of keywords and search results. there's no explicit positive or negative sentiment expressed about the secretlab brand or chairs themselves. it's simply a collection of search terms and titles.
"
https://www.gamesradar.com/secretlab-titan-evo-review-2022/,"The newly designed built-in lumbar support is much improved over the old Titan series, too",1,"1
","positive
"
https://www.gamesradar.com/secretlab-titan-evo-review-2022/," It's more flexible and doesn't feel like it's trying to kick you out of the chair, especially as you're no longer limited to simply adjusting how much it sticks out",1,"1
","positive
"
https://www.gamesradar.com/secretlab-titan-evo-review-2022/," A second dial now lets you move the actual position of the support up and down, which is a fantastic addition to find that sweet spot for users of various individual heights inside each chair's recommended size ranges",1,"1
","positive
"
https://www.gamesradar.com/secretlab-titan-evo-review-2022/,"] While far from what we'd call a cheap gaming chair deal (prices start at $429/£359), the Secretlab Titan Evo 2022 line is great value for money if you're looking for a chair that will double up for both work and play use",1,"1
","positive.

even though the text mentions the price isn't ""cheap,"" the overall sentiment is positive because it emphasizes that the chair offers ""great value for money."" this indicates a positive feeling towards the product's worth despite the higher price point.
"
https://www.gamesradar.com/secretlab-titan-evo-review-2022/,"] Secretlab Titan Evo review: the best just got an upgrade

When you purchase through links on our site, we may earn an affiliate commission",1,"1
","positive.

the phrase ""the best just got an upgrade"" clearly indicates a positive sentiment.
"
https://www.gamesradar.com/secretlab-titan-evo-review-2022/,"

GamesRadar+ Verdict

Cool, stylish, well-built, and now sporting an improved, built-in lumbar support system and a magnetic headrest that's bound to attract more converts to the not-so-secret success of a Secretlab gaming chair",1,"1
","positive
"
https://www.gamesradar.com/secretlab-titan-evo-review-2022/,"

Pros

Class-leading designs and materials

Magnetic headrest

Improved adjustable lumbar support",1,"1
","positive
"
https://gamerant.com/secretlab-announces-cheaper-titan-evo-lite-gaming-chair/,"With Secretlab's new TITAN Evo Lite, one gets exactly what they expect from a TITAN product, which is top quality and ergonomics",1,"1
","**positive**

**reasoning:**

the text highlights ""top quality and ergonomics,"" which are desirable attributes and clearly indicate a positive assessment of the product. the phrase ""exactly what they expect"" further reinforces the positive sentiment, suggesting that the product meets or exceeds expectations.
"
https://genxsolutions.co.uk/?g=459654512, Secret Lab Honest · Gaming Chair Features Secretlab TITAN Evo Lite Secretlab US · Secretlab Titan Evo Lite BRUTALLY HONEST,1,"1
","negative. the phrase ""brutally honest"" implies that the review is likely to contain criticisms and negative aspects.
"
https://www.cnet.com/tech/gaming/secretlab-titan-evo-2022-gaming-chair-review-it-just-keeps-getting-better/,The Titan Evo 2022 is a comfortable chair with a firm feel,1,"1
","neutral
"
https://www.cnet.com/tech/gaming/secretlab-titan-evo-2022-gaming-chair-review-it-just-keeps-getting-better/, The seat base is wide for larger users and those who like to cross their legs,1,"1
","neutral.

the text is simply stating a feature of the seat. it doesn't express a positive or negative opinion about it. it's descriptive.
"
https://www.pcgamer.com/hardware/shhh-dont-tell-everyone-but-the-secretlab-titan-evo-lite-is-the-gaming-chair-i-would-actually-buy-this-weekend/,"Published Time: 2024-11-30T21:53:14+00:00
Shhh, don't tell everyone, but the Secretlab Titan Evo Lite is the gaming chair I would actually buy this weekend | PC Gamer
Skip to main content
Open menu Close menu
PC Gamer THE GLOBAL AUTHORITY ON PC GAMES
Search
Search PC Gamer 
Sign in

View Profile
Sign out

Subscribe

US Edition

 UK US Canada Australia [",1,"1
","positive.

the phrase ""the secretlab titan evo lite is the gaming chair i would actually buy this weekend"" expresses a clear endorsement and preference, indicating a positive sentiment.
"
https://www.pcgamer.com/hardware/shhh-dont-tell-everyone-but-the-secretlab-titan-evo-lite-is-the-gaming-chair-i-would-actually-buy-this-weekend/,"] Secretlab Titan Evo Lite | Leatherette or softweave fabric | ~£459~ £429 at Secretlab UK (save £30)Our favorite gaming chair does not come cheap, with the prices having risen consistently since the Titan Evo originally launched",1,"1
","**mixed**

here's why:

*   **positive:** the text refers to the chair as ""our favorite gaming chair."" this is a clear indication of positive sentiment.
*   **positive:** the text indicates that a £30 saving is on offer
*   **negative:** the text states ""does not come cheap, with the prices having risen consistently"". this is a clear indication of negative sentiment, suggesting that the chair is expensive.

overall, the sentiment is mixed as it contains both positive and negative statements.
"
https://www.pcgamer.com/hardware/shhh-dont-tell-everyone-but-the-secretlab-titan-evo-lite-is-the-gaming-chair-i-would-actually-buy-this-weekend/," To combat that Secretlab has released the Titan Evo Lite, a chair coming in at the same original price as the Titan Evo",1,"1
","neutral
"
https://www.pcgamer.com/hardware/shhh-dont-tell-everyone-but-the-secretlab-titan-evo-lite-is-the-gaming-chair-i-would-actually-buy-this-weekend/," It's got the same essential design but lacks some of the luxury touches, such as adjustable lumbar support and the special magnetic neck pillow and [",1,"1
","negative
"
https://www.pcgamer.com/hardware/shhh-dont-tell-everyone-but-the-secretlab-titan-evo-lite-is-the-gaming-chair-i-would-actually-buy-this-weekend/,"
👉 We're curating the best Cyber Monday PC gaming deals right here 👈
Why Secretlab? The brand has dominated our best gaming chair list for many years now, thanks to build quality that puts most similarly-styled bucket chairs to shame",1,"1
","positive
"
https://www.pcgamer.com/hardware/shhh-dont-tell-everyone-but-the-secretlab-titan-evo-lite-is-the-gaming-chair-i-would-actually-buy-this-weekend/, Many of us here on the PC Gamer team swear by Secretlab both for the playing of games and the writing about them,1,"1
","positive
"
https://www.zdnet.com/home-and-office/home-entertainment/secretlab-titan-evo-2022-series-gaming-chair-review/,The Titan Evo looks more like a high-end car seat than a gaming chair,1,"1
","neutral
"
https://www.zdnet.com/home-and-office/home-entertainment/secretlab-titan-evo-2022-series-gaming-chair-review/," My unit is in the Stealth finish, covered with a sleek, black faux-",1,"1
","neutral.

the description is purely factual and descriptive, without expressing any positive or negative emotion. ""sleek"" can sometimes be positive, but in this context, it's simply describing the appearance.
"
https://www.t3.com/tech/gaming-accessories/secretlab-titan-evo-nanogen-edition-review,The Titan Evo NanoGen edition really does look as good as it feels to sit in,1,"1
","positive
"
https://www.t3.com/tech/gaming-accessories/secretlab-titan-evo-nanogen-edition-review, This is an extremely well-built chair with the comfiest leatherette finish,1,"1
","positive
"
https://secretlab.co/pages/titan-evo-lite,The Secretlab TITAN Evo Lite is built from the same performance DNA as our flagship TITAN Evo,1,"1
","neutral.

the text is simply stating a similarity between two products. it doesn't express a positive or negative opinion about either product. ""same performance dna"" is descriptive, but not inherently positive or negative without more context.
"
https://secretlab.co/pages/titan-evo-lite, Engineered to provide the core Secretlab experience trusted by,1,"1
","neutral.

the text is incomplete and doesn't express a clear positive or negative sentiment. it's simply a descriptive statement about the intended function of a product.
"
https://acecenterdrivingschool.com.ng/?a=459669812,Secretlab Titan Evo 2022 Gaming Chair Review It Just Keeps,1,"1
","neutral.

while the title mentions a specific product review (""secretlab titan evo 2022 gaming chair review""), the phrase ""it just keeps"" is incomplete and doesn't convey any positive or negative sentiment on its own. therefore, without the full statement, the sentiment is neutral.
"
https://acecenterdrivingschool.com.ng/?a=459669812, Size,1,"1
","neutral
"
https://www.imore.com/secretlab-titan-evo-2022-review,"As a long-time user of the 2020 Omega chair, I was thrilled to find out that Secretlab had combined it with its Titan chair to create the 2022",1,"1
","positive
"
https://www.youtube.com/watch?v=YS2VP4qoIGs,"BEST Gaming Chair 2024 | Secretlab TITAN EVO 
 Full Transparency 
 409 likes 
 28649 views 
 26 Nov 2023 
 After reviewing a TON of gaming and office chairs I'm officially nominating the Secretlab Titan Evo as the BEST gaming chair of 2023 and 2024",1,"1
","positive
"
https://www.youtube.com/watch?v=YS2VP4qoIGs,"io/yRnZxy
The BEST GAMING CHAIR PERIOD: https://bit",1,"1
","positive
"
https://www.naiis.ng/?n=202043522," Secretlab TITAN Evo Secretlab EU hotsell, Secretlab Titan EVO 2022 Series Review PCMag hotsell, Gaming Chair Features Secretlab TITAN Evo Lite Secretlab EU",1,"1
","neutral
"
https://vapingunderground.com/threads/new-release-the-less-expensive-secretlab-titan-evo-lite-is-nearly-as-good-as-the-titan-evo.2681418/," We've consistently rated them as the best high-end gaming chair on the market, as well",1,"1
","positive
"
https://travelofiesta.com/?y=603900030148,Secretlab Titan sales Evo 2022 Review,1,"1
","neutral
"
https://travelofiesta.com/?y=603900030148, Secretlab Titan Evo 2022 Review A Good Gaming Chair WIRED,1,"1
","positive.

the phrase ""a good gaming chair"" directly indicates a positive sentiment towards the secretlab titan evo 2022. while the title doesn't provide in-depth reasoning, the presence of ""good"" strongly suggests a favorable review.
"
https://sohoforest.com/?j=107194967600&filter=9f7a93&share_to_url=discover.php%3Fid%3D3666709%26name%3Dsecretlab+titan+review,"Secretlab retailer Titan EVO Lite Review PCMag db, titan secretlabs db, Secretlab ",1,"1
","neutral
"
https://gaming-age.com/2024/09/secretlab-titan-evo-2022-series-gaming-chair-review/,The chair back is solid and comfortable,1,"1
","positive
"
https://gaming-age.com/2024/09/secretlab-titan-evo-2022-series-gaming-chair-review/," The Secretlab TITAN Evo comes with a seat cushion, although it is surprisingly harder than I",1,"1
","neutral
"
https://www.youtube.com/watch?v=36wQwS37Cvo,"] Secretlab TITAN Evo: Lite vs NanoGen vs Standard – Which One's Best? 
 HotshotTek 
 96 likes 
 3816 views 
 28 Jan 2025 
 Choosing the right Secretlab TITAN Evo can be tricky, so in this video, I’m comparing the Lite, Nano Gen, and Standard models to break down their differences and help you decide which one suits you best",1,"1
","neutral.

the text is informative and aims to help the viewer make a decision. it doesn't express a positive or negative opinion about the product itself.
"
https://secretlab.co/collections,Ergonomic chairs,1,"1
","neutral
"
https://secretlab.co/collections, Engineered to support your every move,1,"1
","positive
"
https://www.gamesradar.com/hardware/chairs/secretlab-titan-evo-nanogen-edition-review/,I parked myself on Secretlab’s latest Titan Evo for around a month before this review was written,1,"1
","neutral.

the sentence describes the duration of use of a product before a review. it doesn't express any positive or negative feelings about the product itself.
"
https://www.gamesradar.com/hardware/chairs/secretlab-titan-evo-nanogen-edition-review/," In that time, I’ve used it for work and play almost every single day, sometimes for more than 8 hours a day",1,"1
","neutral.

while the user clearly uses the item frequently, the text provides no explicit positive or negative evaluation of the experience. the frequency of use doesn't inherently indicate enjoyment or dissatisfaction.
"
https://www.gamesradar.com/hardware/chairs/secretlab-titan-evo-nanogen-edition-review/," I’ve closely compared it to the Boulies Ninja Pro in that time because of all the gaming chairs I’ve tested, that’s the most plush and comfortable - which feels like a solid point of comparison for the NanoGen’s aims",1,"1
","**positive**

the text highlights that the boulies ninja pro is ""the most plush and comfortable"" gaming chair the author has tested. this is a positive statement about the boulies ninja pro, and the author uses it as a ""solid point of comparison"" for the nanogen, implying a positive expectation for the nanogen.
"
https://www.gamesradar.com/hardware/chairs/secretlab-titan-evo-nanogen-edition-review/," I’d love to say this could change in the future, but the Titan Evo Lite launched earlier in 2024 and is still limited to the classic colorways originally available in 2022",1,"1
","negative
"
https://www.gamesradar.com/hardware/chairs/secretlab-titan-evo-nanogen-edition-review/,"] Design



So what exactly separates the Secretlab Titan Evo from its new NanoGen counterpart? Well, a bit like the Titan Evo Lite - it’s a half step toward a different chair, but it really is the same product we’ve known since 2022",1,"1
","neutral
"
https://www.gamesradar.com/hardware/chairs/secretlab-titan-evo-nanogen-edition-review/," It's a variant that isn't strictly part of the Titan Evo's color and upholstery range, but it does give you the same chair, albeit with an updated level of comfort and a higher price",1,"1
","**neutral**

the text presents a factual description with both positive and negative aspects:

*   **positive:** ""updated level of comfort""
*   **negative:** ""higher price""

the overall tone is descriptive and informative, without a clear lean towards positive or negative sentiment."
https://www.tiktok.com/@secretlab/video/7325314696779762951,"With the most essential ergonomic functions of our flagship TITAN Evo, including our patent-pending cold-cure foam and proprietary pebble seat",1,"1
","positive.

**reasoning:**

the text highlights positive attributes and features, such as:

*   ""most essential ergonomic functions"" - implies comfort and user-friendliness
*   ""flagship titan evo"" - positions the product as top-of-the-line
*   ""patent-pending cold-cure foam"" - suggests innovative and potentially superior material
*   ""proprietary pebble seat"" - hints at a unique and desirable design element.

all these elements contribute to a positive sentiment, emphasizing the product's quality and features."
https://techbullion.com/secretlab-titan-evo-secretlab-titan-evo-lite-reviews/,"Despite being a more affordable option, the Secretlab TITAN Evo lite doesn't skimp on comfort",1,"1
","positive
"
https://secretlab.co/products/technogel-premium-armrest-top,"I have three Titan Evo chairs, XL and two L",1,"1
","neutral.

the text simply states a fact (the user owns chairs) without expressing any emotion or opinion about them.
"
https://secretlab.co/products/technogel-premium-armrest-top," I really like the overall quality, aesthetics and adjustments (especially lumbar area)",1,"1
","positive
"
https://hothardware.com/news/secretlab-unveils-cheaper-titan-evo-lite-gaming-chair,"Secretlab has introduced a cheaper version of its popular Titan Evo gaming chair that the company says retains ""95% of the same premium",1,"1
","neutral
"
https://m.youtube.com/watch?v=g2S5RMz73UA, · Secretlab Titan Evo LITE - The Best Selling Gaming Chair of,1,"1
","positive.

the phrase ""the best selling"" strongly implies a positive sentiment.
"
https://www.yahoo.com/tech/secretlab-titan-evo-gaming-chair-200954608.html,"It was the most comfortable chair I'd put at my desk by a factor of many, but it was plain",1,"1
","mixed.

while the user states the chair is ""the most comfortable"" indicating a **positive** sentiment, the description of it being ""plain"" introduces a **negative** or at least neutral sentiment. the stronger positive statement (""by a factor of many"") slightly outweighs the simple descriptor of plainness, but the overall sentiment is mixed.
"
https://www.yahoo.com/tech/secretlab-titan-evo-gaming-chair-200954608.html, But then I added the Ahsoka Tano SKINS Secretlab,1,"1
","neutral.

while ""ahsoka tano"" and ""secretlab"" might be appealing to certain audiences, the sentence itself is simply a statement of fact. there's no explicit positive or negative sentiment expressed.
"
https://www.youtube.com/watch?v=14AZZ6dKKtk&pp=ygUKI3RpdGFpbmV2bw%3D%3D,SecretLab Titan Evo (2023 Review) - Overhyped Overpriced Overrated (Gaming Chair) Today I'm reviewing the Secretlab Titan Evo 2022 2023,1,"1
","negative
"
https://www.ubuy.com.zm/product/IJRT28B9K-secretlab-titan-evo-lite-in-black3-prime-softweave-gaming-chair-reclining-ergonomic-heavy-duty-computer-chair-with-4d-armrests-lumbar?srsltid=AfmBOoqFxHyzYspX9EC5xD-dqbP0Pgg0n_ch9eHuj7adHErhjjySdwNN,Durable upholsteries - Choose between plush and supple PRIME 2,1,"1
","positive.

the text highlights desirable qualities like ""durable,"" ""plush,"" and ""supple,"" which are generally associated with positive experiences and high-quality materials.
"
https://www.ubuy.com.zm/product/IJRT28B9K-secretlab-titan-evo-lite-in-black3-prime-softweave-gaming-chair-reclining-ergonomic-heavy-duty-computer-chair-with-4d-armrests-lumbar?srsltid=AfmBOoqFxHyzYspX9EC5xD-dqbP0Pgg0n_ch9eHuj7adHErhjjySdwNN,"0 leatherette and soft, breathable SoftWeave fabric, both put through rigorous real-world testing",1,"1
","positive.

**reasoning:**

the terms ""soft,"" ""breathable,"" and ""rigorous real-world testing"" all carry positive connotations. they suggest comfort, quality, and reliability.
"
https://www.tiktok.com/discover/secret-lab-chairs-review-2025,"Plus, NanoGen hybrid leatherette feels super soft as well and is incredible to touch",1,"1
","positive
"
https://www.tiktok.com/discover/secret-lab-chairs-review-2025, My favorite part about the Titan Evo chairs is the 4-Way L-ADAPT lumbar,1,"1
","positive
"
https://secretlab.co/products/skins,"

Protects your Secretlab TITAN Evo Series chair against wear and tear and accidental spills, so it always looks like new",1,"1
","positive
"
https://secretlab.co/products/skins,"

Resources and Specifications



Assembly Guide and User Manual
For Secretlab SKINS (Softweave™) and SKINS Lite
View Guide

Full Assembly Video Guide
For Secretlab SKINS (Softweave™)
View Video

Full Assembly Video Guide
For Secretlab SKINS Lite
View Video [",1,"1
","neutral
"
https://secretlab.co/products/skins,"] Secretlab SKINS

Secretlab SKINS

Secretlab SKINS

Refresh your chair with the world’s first premium gaming chair sleeves — designed for Secretlab TITAN Evo Series",1,"1
","positive
"
https://secretlab.co/products/skins," Precision-mapped to the TITAN Evo Series via a proprietary fitting system for an indistinguishable form and fit, so you never compromise on ergonomic performance",1,"1
","positive.

the text emphasizes a seamless and beneficial integration (""indistinguishable form and fit,"" ""never compromise on ergonomic performance""), suggesting a desirable outcome.
"
https://secretlab.co/products/skins,"

Choose from a growing range of signature and Special Edition designs, inspired by your favorite movie, game, or TV show",1,"1
","positive
"
https://secretlab.co/products/skins,] Secretlab SKINS (SoftWeave™) and Secretlab SKINS Lite utilize different materials,1,"1
","neutral
"
https://secretlab.co/products/skins, SKINS (SoftWeave™) is adapted from TITAN Evo's SoftWeave™ Plus Fabric upholstery and is made for a soft and richly textured feel,1,"1
","positive.

the text uses words like ""soft,"" ""richly textured,"" and implies adaptation from a successful product (titan evo), all of which contribute to a positive sentiment.
"
https://secretlab.co/products/skins, It also adds a secondary layer of cushioned support to your chair,1,"1
","positive.
"
https://www.yahoo.com/tech/secretlabs-launching-slightly-cheaper-version-150037294.html,The Titan Lite is stripped of a couple features to shave a modicum of expense,1,"1
","**negative**

**explanation:**

the phrase ""stripped of a couple features"" suggests a reduction in functionality, which is generally perceived negatively. while the intention is to ""shave a modicum of expense,"" this doesn't outweigh the negative connotation of removing features.
"
https://www.youtube.com/watch?v=4Y-kRL03AQ0,"Secretlab Titan Evo Lite: Buy or Nah? 
 Victor Tan 
 26 likes 
 2170 views 
 18 Feb 2024 
 What are you sacrificing when you get the Secretlab Titan Evo Lite over the Secretlab Titan Evo 2022? 

Should you save the $100? Will there be a life changing sacrifice that will destroy the world… or maybe just your back? Watch this video to find out! 

Pick up your Secretlab chair today: https://bit",1,"1
","the sentiment is **neutral**.

while the text includes potentially negative words like ""sacrificing"" and ""destroy,"" they are presented in a rhetorical and somewhat humorous way. the core of the text is a question and a promise to provide answers in a video, which doesn't inherently lean positive or negative. the text aims to pique curiosity and drive viewership rather than express a firm opinion on the product.
"
https://linustechtips.com/topic/1388198-secretlab-titan-evo-2022-review/,"As expected with any 'gaming chair', ergonomics are not great",1,"1
","negative
"
https://secretlab.co/pages/faq, Secretlab TITAN Evo and Secretlab TITAN Evo Lite chair models,1,"1
","neutral.

the text simply lists chair models. there is no opinion or feeling expressed.
"
https://secretlab.co/pages/faq, Gaming ChairsComputer DesksAdd-ons,1,"1
","neutral
"
https://www.amazon.com/Secretlab-Titan-BLACK3-SoftWeave-Gaming/dp/B0CR6FDFDX,"Patent-pending cold-cure foam - Our cold-cure foam mix is specially formulated to be medium firm, the perfect blend of comfort and support",1,"1
","positive
"
https://secretlab.co/collections/titan-series,"Amazing, comfortable, worth investing in one if you work at a desk every day",1,"1
","positive
"
https://www.tiktok.com/@secretlab/video/7488673966798703889,"Windows Central hails the Secretlab TITAN Evo NanoGen™ Edition as “an excellent chair in every category,” built on “tens of thousands of",1,"1
","positive
"
https://secretlab.co/collections/omega-series,Close-up of a light gray Secret Lab gaming chair with black accents,1,"1
","neutral.

the text is purely descriptive and does not express any emotion or opinion.
"
https://secretlab.co/collections/omega-series, Secretlab TITAN Evo,1,"1
","neutral
"
https://www.youtube.com/watch?v=QYCdGNUn_6Q," So, here's all the problems I've had with it, am still having with it,",1,"1
","negative.
"
https://www.tiktok.com/@zachstechturf/video/7489091454900456734, Secretlab Titan Evo Akatsuki 2024 edition unboxing pt3 #secretlab #gamingchair #akatsuki #naruto,1,"1
","neutral.

while the text contains hashtags related to popular topics (gaming, naruto), it's simply a description of an unboxing video. there's no explicit positive or negative emotion expressed. the ""pt3"" suggests it's part of a series, further implying a neutral, descriptive purpose.
"
https://www.tiktok.com/discover/secret-lab-titan-evo-bad-review, So one really cool item on this chair is this magnetic pillow,0,"1
","positive
"
https://secretlab.co/products/titan-xxs,"A sleek black gaming chair with gold accents labeled 'Secret Lab' at the top · A pink and black ergonomic gaming chair with adjustable armrests, lumbar support,",1,"1
","neutral
"
https://www.reddit.com/r/secretlab/comments/19ej3z8/faq_secretlab_titan_evo_lite/,The Secretlab TITAN Evo Lite was designed to bring the award-winning TITAN Evo experience to as many people as possible,1,"1
","positive
"
https://www.reddit.com/r/secretlab/comments/19ej3z8/faq_secretlab_titan_evo_lite/," We could have made a much cheaper chair with cheaper materials and fewer features, compromising the durability, performance, and overall experience",1,"1
","negative. the text focuses on what could have been done to cheapen the chair, explicitly mentioning ""compromising the durability, performance, and overall experience."" this implies a negative outcome if those changes were made.
"
https://www.pcgamer.com/secretlabs-launching-a-slightly-cheaper-version-of-the-excellent-titan-evo-starting-at-dollar449/,"Secretlab, the maker of our favourite gaming chair, the Secretlab Titan Evo, is launching a cheaper model that shares many characteristics with the best gaming chair—it's called the Titan Evo Lite",1,"1
","positive.

the text highlights positive aspects:

*   ""our favourite gaming chair"" - clearly positive sentiment.
*   ""shares many characteristics with the best gaming chair"" - implies the new model is also good.
*   ""launching a cheaper model"" - this is generally seen as a positive for consumers seeking value."
https://www.pcgamer.com/secretlab-titan-evo-2022-review/,The Titan Evo 2022 is Secretlab firing on all cylinders,0,"1
","positive
"
https://www.pcgamer.com/secretlab-titan-evo-2022-review/, It's a wonderfully comfortable chair for long periods of working or gaming and clever new features such as a magnetic head rest put it a,0,"1
","positive
"
https://www.pcgamer.com/hardware/shhh-dont-tell-everyone-but-the-secretlab-titan-evo-lite-is-the-gaming-chair-i-would-actually-buy-this-weekend/,"Secretlab Titan Evo Lite | Leatherette or softweave fabric | £459 £429 at Secretlab UK (save £30) Our favorite gaming chair does not come cheap, with the prices having risen consistently since",1,"1
","the sentiment is **neutral**.

here's why:

*   **positive signals:** ""our favorite gaming chair"" implies a positive opinion.
*   **negative signals:** ""does not come cheap"", ""prices having risen consistently"" are negative aspects.
*   **neutral signals:** listing the price and material options is informative but not inherently positive or negative. the ""save £30"" is slightly positive but not enough to swing the overall sentiment.

the text presents both positive and negative aspects, balancing each other out. therefore, the overall sentiment is neutral."
https://www.reddit.com/r/secretlab/comments/1b8q2zx/secret_lab_titan_evo_review/,"Secret Lab Titan Evo Review : r/secretlab Skip to main content Secret Lab Titan Evo Review : r/secretlab Secret Lab Titan Evo Review Secret Lab Titan Evo Chair Honest Review But in this case, I feel compelled to write about the Secret Lab Titan Evo chair I bought recently",1,"1
","neutral.

while the user states they feel ""compelled to write,"" this doesn't automatically indicate positive or negative sentiment. the title also simply states ""honest review"", leaving the actual sentiment undetermined.
"
https://www.reddit.com/r/secretlab/comments/1b8q2zx/secret_lab_titan_evo_review/," If it wasn't so expensive perhaps I wouldn't be at all bothered, but given the cost of a Secret Lab chair it's worth asking the question is a Secret Lab Titan Evo chair worth the price? The Titan Evo Secret Lab chair is not uncomfortable",1,"1
","neutral
"
https://www.reddit.com/r/secretlab/comments/1b8q2zx/secret_lab_titan_evo_review/, Good luck if it works for you but sitting on a Secret Lab chair is like sitting on concrete,1,"1
","negative
"
https://www.reddit.com/r/GamingChairAdvice/comments/185wq4h/best_gaming_chair_reddits_verdict_top_5_picks/,Titan Evo - Best Gaming Chair,0,"1
","positive
"
https://www.reddit.com/r/GamingChairAdvice/comments/185wq4h/best_gaming_chair_reddits_verdict_top_5_picks/, Current Price: $609 ,0,"1
","neutral.

the text simply states a price. without context, it's impossible to determine if $609 is considered a good price, a bad price, or just an expected price.
"
https://www.reddit.com/r/GamingChairAdvice/comments/185wq4h/best_gaming_chair_reddits_verdict_top_5_picks/," For the Batman fans and themed chair lovers, check out Secretlab's Titan Evo Dark Knight Edition",0,"1
","positive
"
https://www.reddit.com/r/GamingChairAdvice/comments/185wq4h/best_gaming_chair_reddits_verdict_top_5_picks/, It's all about Gotham style meets gaming comfort,0,"1
","neutral
"
https://www.reddit.com/r/GamingChairAdvice/comments/185wq4h/best_gaming_chair_reddits_verdict_top_5_picks/, Think epic Batman vibes with the top-notch ergonomics of the Titan Evo,0,"1
","positive
"
https://www.reddit.com/r/secretlab/comments/15djlt8/i_want_to_buy_a_titan_please_give_me_pros_and/,My Secretlab TITAN Evo 2022 Series - Regular - Secretlab NEO™ Hybrid Leatherette in Stealth arrived last week,1,"1
","neutral.

while the text mentions a product arriving, it doesn't express any explicit positive or negative feelings about it. it's simply a statement of fact.
"
https://www.reddit.com/r/secretlab/comments/15djlt8/i_want_to_buy_a_titan_please_give_me_pros_and/, Best chair I personally have had for comfort The quality is excellent - from unboxing to finally getting to sit in it Work provided a basic chair for working from home - got rid of that for this and would never go back,1,"1
","positive
"
https://www.reddit.com/r/secretlab/comments/14axd1w/my_honest_review_of_secretlab_titan_after_55/,"When I still had that old chair, I would return to it every now and then just to see if my opinion had changed yet, but every time it would almost be a relief to sit on my soft, cheap office chair compared to my SL Titan",0,"1
","the sentiment is **negative**.

here's why:

*   **""almost be a relief to sit on my soft, cheap office chair compared to my sl titan""**: this clearly indicates a preference for the cheaper chair over the ""sl titan."" the feeling of relief suggests that sitting on the sl titan was an unpleasant experience.
"
https://www.reddit.com/r/secretlab/comments/14axd1w/my_honest_review_of_secretlab_titan_after_55/,"5 years of sitting in my stiff SL Titan, I still find myself pleasantly surprised when I sit in another chair and sink into an actual soft cushion",0,"1
","positive
"
https://www.reddit.com/r/OfficeChairs/comments/17pahd3/my_ultimate_chair_buying_guide_2023/,"Reddit - Dive into anything Open menu Open navigation  Go to Reddit Home r/OfficeChairs A chip A close button r/OfficeChairs r/OfficeChairs  My Ultimate Chair Buying Guide 2023 I just finished my ultimate chair buying guide for 2023! Reddit Reddit Reddit Action Movies & Series Animated Movies & Series Comedy Movies & Series Crime, Mystery, & Thriller Movies & Series Documentary Movies & Series Drama Movies & Series Fantasy Movies & Series Horror Movies & Series Movie News & Discussion Reality TV Romance Movies & Series Sci-Fi Movies & Series Superhero Movies & Series*   TV News & Discussion Communities Best of Reddit Topics",0,"1
","the sentiment of this text is **neutral**.

here's why:

*   **informative/descriptive language:** the text primarily describes a reddit post about an office chair buying guide. it lists different categories of movies and series, and community topics.
*   **lack of opinion or emotion:** there aren't any words or phrases expressing strong positive or negative feelings. it's purely factual/descriptive information.
*   **no obvious bias:** the text does not promote any specific viewpoint or agenda.

therefore, without any explicit positive or negative indicators, the sentiment is considered neutral."
https://www.reddit.com/r/travel/comments/njgudt/anyone_booked_a_tour_with_getyourguide_what_was/,"Reddit - Dive into anything Anyone can view, post, and comment to this community Reddit Reddit Reddit Action Games Adventure Games Esports Gaming Consoles & Gear Gaming News & Discussion Mobile Games Other Games Role-Playing Games Simulation Games Sports & Racing Games Strategy Games*   Tabletop Games Q&As*   Stories & Confessions Action Movies & Series Animated Movies & Series Comedy Movies & Series Crime, Mystery, & Thriller Movies & Series Documentary Movies & Series Drama Movies & Series Fantasy Movies & Series Horror Movies & Series Movie News & Discussion Reality TV Romance Movies & Series Sci-Fi Movies & Series Superhero Movies & Series*   TV News & Discussion Communities Best of Reddit Topics Reddit, Inc",0,"1
","neutral. the text is a list of categories and topics, lacking subjective opinions or emotional language. it's simply descriptive.
"
https://www.tomshardware.com/, It shows an impressive 96% reduction in texture memory size compared to outgoing texture compression techniques,0,"1
","positive
"
https://www.reddit.com/r/MechanicalKeyboards/comments/19de2bx/list_of_hall_effect_keyboards_2024/," Focuses on gaming rather than custom kb, once again like the Wooting",0,"1
","negative.

the phrase ""rather than"" indicates a preference being unfulfilled. the statement is pointing out a negative attribute of the product in comparison to what the user expects or desires.
"
https://www.reddit.com/r/TTVreborn/comments/14icj6c/safe_alternatives_to_watch_free_movies/,"116 votes, 114 comments",0,"1
","neutral.

while votes and comments indicate engagement, they don't inherently express positive or negative sentiment. the numbers themselves are neutral data points.
"
https://www.reddit.com/r/TTVreborn/comments/14icj6c/safe_alternatives_to_watch_free_movies/, true,0,"1
","neutral.
"
https://techbullion.com/secretlab-titan-evo-secretlab-titan-evo-lite-reviews/,"In gaming chairs, Secretlab has left a mark as one of the leaders",1,"1
","positive
"
https://techbullion.com/secretlab-titan-evo-secretlab-titan-evo-lite-reviews/," Quality, comfort, and innovative design characterize and place the Secretlab chairs highly rated by gamers, professionals, and enthusiasts",1,"1
","positive
"
https://techbullion.com/secretlab-titan-evo-secretlab-titan-evo-lite-reviews/," In this category, the SecretLab TITAN Evo and the SecretLab TITAN Evo Lite stand out as two top models",1,"1
","neutral.

the text simply states that two models ""stand out as two top models"". this is a factual statement and doesn't express any positive or negative emotion about the products. it's an objective observation of their status.
"
https://secretlab.co.uk/products/titan-evo-2022-series?rfsn=1468030.7e998&subid=trd-us-1369384148834780421," Personalized ergonomics and world-leading comfort, all in one gaming chair",0,"1
","positive
"
https://www.techradar.com/gaming/gaming-accessories/the-new-titan-evo-lite-is-a-budget-gaming-chair-that-packs-a-ton-of-premium-features,The gaming furniture manufacturer Secretlab has revealed a brand-new gaming chair: the Secretlab Titan Evo Lite,1,"1
","neutral
"
https://www.tomsguide.com/gaming/gaming-peripherals/secretlab-titan-evo-2022-review,"The Secretlab Titan Evo series is one of the best options in the upper range of gaming chairs, sporting fantastic build quality and comfort at a price that might shock your wallet",1,"1
","**mixed (leaning positive)**

here's the breakdown:

*   **positive:** ""best options,"" ""fantastic build quality,"" ""comfort"" these phrases clearly indicate positive sentiment.
*   **negative:** ""price that might shock your wallet"" this indicates a negative aspect related to the high cost.
*   **overall:** because the text highlights several clear positives and only contains one tempered negative sentiment (about cost, which is a common consideration), the overall sentiment leans towards the positive. however, it is not purely positive due to the price warning, making it a mixed assessment.
"
https://www.reddit.com/r/secretlab/comments/13pkmxv/honest_review_2022_titan_evo/,Honest review: 2022 Titan EVO : r/secretlab This is where the adjustments come in handy because you think 'adjustments' like i'm going to adjust this chair until I find the perfect settings and leave it like that,1,"1
","neutral.

the text expresses a factual observation about the adjustability of the chair without explicitly praising or criticizing it. while the person might find the adjustability useful, it's not presented as a positive endorsement on its own.
"
https://www.reddit.com/r/secretlab/comments/13pkmxv/honest_review_2022_titan_evo/, After owning mine for about a week and a half and using it between 2-8 hours a day I think my body is adjusting to sitting properly on the chair,1,"1
","neutral
"
https://www.reddit.com/r/secretlab/comments/13pkmxv/honest_review_2022_titan_evo/," But once I got the lumbar set correctly (I also purchased the memory foam lumber pillow) I’ve been quite comfortable in the chair, Sitting straight up in it which is something I’ve never done",1,"1
","positive
"
https://www.reddit.com/r/secretlab/comments/13pkmxv/honest_review_2022_titan_evo/, When I was thinking of buying a SL Titan a few years ago I got scared because of people saying it’s like sitting on concrete,1,"1
","negative. the text expresses concern and fear (""got scared"") based on negative feedback (""like sitting on concrete"").
"
https://www.pcgamer.com/hardware/shhh-dont-tell-everyone-but-the-secretlab-titan-evo-lite-is-the-gaming-chair-i-would-actually-buy-this-weekend/,"Shhh, don't tell everyone, but the Secretlab Titan Evo Lite is the gaming chair I would actually buy this weekend | PC Gamer Update December 1: PC Gamer brand director Tim Clark's arse does indeed deserve better, and so does yours—luckily the Secretlab Titan Evo Lite can still be had at a nice discount for Cyber Monday",1,"1
","**positive**

**reasoning:**

the text expresses a positive sentiment towards the secretlab titan evo lite gaming chair for the following reasons:

*   **""gaming chair i would actually buy this weekend""**: this is a strong endorsement.
*   **""arse does indeed deserve better""**: it's using humor, but it implies the chair is a significant upgrade.
*   **""nice discount for cyber monday""**: the discount is a positive selling point that would make the chair more desirable.
"
https://www.pcgamer.com/hardware/shhh-dont-tell-everyone-but-the-secretlab-titan-evo-lite-is-the-gaming-chair-i-would-actually-buy-this-weekend/," Secretlab Titan Evo Lite | Leatherette or softweave fabric | ~$459~ $419 at Secretlab (save $40)Our favorite gaming chair does not come cheap, with the prices having risen consistently since the Titan Evo originally launched",1,"1
","the sentiment is **neutral**.

here's why:

*   **positive:** ""our favorite gaming chair"" implies a positive evaluation.
*   **negative:** ""does not come cheap"" and ""prices having risen consistently"" are negative aspects related to pricing.
*   **neutralizing:** the price discount is a good thing but the overall sentiment is still not positive enough to warrant that classification.

the text presents both positive and negative aspects, creating a balance that leads to an overall neutral sentiment."
https://www.pcgamer.com/hardware/shhh-dont-tell-everyone-but-the-secretlab-titan-evo-lite-is-the-gaming-chair-i-would-actually-buy-this-weekend/," Secretlab Titan Evo Lite | Leatherette or softweave fabric | ~£459~ £429 at Secretlab UK (save £30)Our favorite gaming chair does not come cheap, with the prices having risen consistently since the Titan Evo originally launched",1,"1
","**mixed/neutral**

here's the breakdown:

*   **positive:** ""our favorite gaming chair"" implies a positive sentiment.
*   **neutral:** the description of the chair, materials, and current price is largely neutral. ""save £30"" is somewhat positive
*   **negative:** ""does not come cheap"" and ""prices having risen consistently"" express negative aspects.

overall, the positive statement is somewhat undermined by the cost concerns, creating a mixed or slightly neutral sentiment.
"
https://www.amazon.com/Secretlab-Titan-Black-Leatherette-Gaming/dp/B0CR6GJQ58,Secretlab Titan Evo Lite in Black Prime 2,1,"1
","neutral.

the text is simply a product name and color description. it doesn't express any opinion or emotion.
"
https://www.amazon.com/Secretlab-Titan-Black-Leatherette-Gaming/dp/B0CR6GJQ58,0 Leatherette Gaming Chair - Reclining - Ergonomic & Heavy Duty Computer Chair with 4D Armrests & Lumbar Support - Black ,1,"1
","neutral
"
https://www.amazon.com/Secretlab-Titan-Black-Leatherette-Gaming/dp/B0CR6GJQ58," Secretlab Titan Evo Black Gaming Chair - Reclining, Ergonomic & Heavy Duty Computer Chair with 4D Armrests, Magnetic Head Pillow & Lumbar Support - Big and Tall Up to 395 lbs",1,"1
","neutral
"
